"State","Year","South","StCode","StYear","PresElect","PresDemPct","LagPresDemPct","UnemPct","RepPct","IndPct","DemPct","LibPct","ModPct","ConsPct","NAME","PARTY","ELECYR","ELECTP","PresApprov","NEGPCT"
"Alabama",1980,1,1,"AL1980","1",0.4745,0.5667,8.4,14.3,23.9,61.9,16.5,40.8,42.7,"Carter",1,1976,1,30,"70"
"Alabama",1981,1,1,"AL1981","0",NA,0.4745,9.7,21.5,28.9,49.6,13.8,35.9,50.4,"Reagan",2,1980,1,60,"40"
"Alabama",1982,1,1,"AL1982","0",NA,0.4745,13.2,19.6,25.2,55.2,15,40.1,45,"Reagan",2,1980,1,40,"60"
"Alabama",1983,1,1,"AL1983","0",NA,0.4745,12.8,19,29.2,51.8,14.6,42.7,42.7,"Reagan",2,1980,1,39,"61"
"Alabama",1984,1,1,"AL1984","1",0.3828,0.4745,10.2,23.7,33.9,42.4,24.3,42.7,33,"Reagan",2,1980,1,58,"42"
"Alabama",1985,1,1,"AL1985","0",NA,0.3828,8.6,36.2,26.5,37.4,20.4,41.6,38,"Reagan",2,1984,2,55,"45"
"Alabama",1986,1,1,"AL1986","0",NA,0.3828,9.1,32.4,30.3,37.3,14.1,35.3,50.6,"Reagan",2,1984,2,62,"38"
"Alabama",1987,1,1,"AL1987","0",NA,0.3828,7.6,26,29.8,44.2,18.1,42.2,39.6,"Reagan",2,1984,2,56,"45"
"Alabama",1988,1,1,"AL1988","1",0.3986,0.3828,6.9,21.4,36.7,41.9,13.1,42.8,44.1,"Reagan",2,1984,2,56,"44"
"Alabama",1989,1,1,"AL1989","0",NA,0.3986,6.6,37.3,17.9,44.8,15,39.5,45.5,"Bush",2,1988,1,52,"48"
"Alabama",1990,1,1,"AL1990","0",NA,0.3986,6.3,31.4,31.5,37.1,13.4,41.7,44.9,"Bush",2,1988,1,48,"52"
"Alabama",1991,1,1,"AL1991","0",NA,0.3986,6.9,28.9,29.3,41.8,15.7,39.7,44.6,"Bush",2,1988,1,56,"40"
"Alabama",1992,1,1,"AL1992","1",0.4088,0.3986,6.9,29,34.6,36.4,15.4,45.9,38.7,"Bush",2,1988,1,47,"51"
"Alabama",1993,1,1,"AL1993","0",NA,0.4088,6.6,30,38.6,31.3,9.7,39.7,50.6,"Clinton",1,1992,1,31,"69"
"Alabama",1994,1,1,"AL1994","0",NA,0.4088,5.4,27.2,36.3,36.5,12.6,44.5,42.9,"Clinton",1,1992,1,31,"67"
"Alabama",1995,1,1,"AL1995","0",NA,0.4088,5.2,33.2,33.9,32.9,13.5,43,43.6,"Clinton",1,1992,1,35,"65"
"Alabama",1996,1,1,"AL1996","1",0.4316,0.4088,4.5,30.9,30,39.1,20.2,42.8,37,"Clinton",1,1992,1,34,"66"
"Alabama",1997,1,1,"AL1997","0",NA,0.4316,4.4,32,22.4,45.6,18.4,31.8,49.8,"Clinton",1,1996,2,39,"60"
"Alabama",1998,1,1,"AL1998","0",NA,0.4316,3.9,28.2,29.6,42.2,16,40.9,43.1,"Clinton",1,1996,2,55,"42"
"Alabama",2003,1,1,"AL2003","0",NA,0.4159,5.4,30.2,30,39.8,12.7,50.3,37,"GW Bush",2,2000,1,66,"32"
"Alabama",2005,1,1,"AL2005","0",NA,0.3684,3.8,NA,NA,NA,NA,NA,NA,"GW Bush",2,2004,2,50,"44"
"Alabama",2006,1,1,"AL2006","0",NA,0.3684,3.5,NA,NA,NA,NA,NA,NA,"GW Bush",2,2004,2,45,"51"
"Alabama",2007,1,1,"AL2007","0",NA,0.3684,3.5,NA,NA,NA,NA,NA,NA,"GW Bush",2,2004,2,44,"52"
"Alabama",2008,1,1,"AL2008","1",0.391090972464273,0.3684,5,NA,NA,NA,NA,NA,NA,"GW Bush",2,2004,2,42,"55"
"Alaska",1994,0,2,"AK1994","0",NA,0.434,7.5,NA,NA,NA,NA,NA,NA,"Clinton",1,1992,1,39,"54"
"Alaska",1996,0,2,"AK1996","1",0.396,0.434,7.5,NA,NA,NA,NA,NA,NA,"Clinton",1,1992,1,36,"64"
"Alaska",2005,0,2,"AK2005","0",NA,0.3677,6.9,NA,NA,NA,NA,NA,NA,"GW Bush",2,2004,2,50,"44"
"Alaska",2006,0,2,"AK2006","0",NA,0.3677,6.5,NA,NA,NA,NA,NA,NA,"GW Bush",2,2004,2,48,"48"
"Alaska",2007,0,2,"AK2007","0",NA,0.3677,6.2,NA,NA,NA,NA,NA,NA,"GW Bush",2,2004,2,42,"57"
"Alaska",2008,0,2,"AK2008","1",0.389352150834029,0.3677,6.7,NA,NA,NA,NA,NA,NA,"GW Bush",2,2004,2,39,"61"
"Arizona",1991,0,3,"AZ1991","0",NA,0.393,5.7,43,24.7,32.3,20.5,48.6,30.9,"Bush",2,1988,1,76,"17"
"Arizona",1993,0,3,"AZ1993","0",NA,0.487,6.4,35.7,28.9,35.4,23.1,45.9,31,"Clinton",1,1992,1,32,"65"
"Arizona",1994,0,3,"AZ1994","0",NA,0.487,6.1,37.1,30.2,32.7,18.3,43.2,38.4,"Clinton",1,1992,1,36,"64"
"Arizona",1995,0,3,"AZ1995","0",NA,0.487,5.3,40.6,29.1,30.2,22,40.1,37.9,"Clinton",1,1992,1,26,"70"
"Arizona",1996,0,3,"AZ1996","1",0.512,0.487,5.5,38.6,26.1,35.3,14.4,51.1,34.5,"Clinton",1,1992,1,37,"60"
"Arizona",1997,0,3,"AZ1997","0",NA,0.512,4.6,36.3,30.3,33.5,18.6,41,40.4,"Clinton",1,1996,2,49,"51"
"Arizona",1998,0,3,"AZ1998","0",NA,0.512,4.3,36.2,31.7,32,21.5,46.2,32.3,"Clinton",1,1992,1,45,"52"
"Arizona",1999,0,3,"AZ1999","0",NA,0.512,4.5,35.6,28.9,35.5,25.9,41.2,32.9,"Clinton",1,1992,1,66,"25"
"Arizona",2000,0,3,"AZ2000","1",0.467174008328601,0.512,4,39.8,26.7,33.5,22.4,42.5,35.1,"Clinton",1,1992,1,42,"55"
"Arizona",2001,0,3,"AZ2001","0",NA,0.4672,4.7,44.7,24.3,31,19.7,51.1,29.2,"GW Bush",2,2000,1,79,"11"
"Arizona",2002,0,3,"AZ2002","0",NA,0.4672,6,41.2,26.4,32.4,23.1,36.9,40.1,"GW Bush",2,2000,1,66,"25"
"Arizona",2003,0,3,"AZ2003","0",NA,0.4672,5.7,43.7,34,22.3,21.6,35.9,42.4,"GW Bush",2,2000,1,69,"27"
"Arizona",2004,0,3,"AZ2004","1",0.447249949695117,0.4672,5,NA,NA,NA,NA,NA,NA,"GW Bush",2,2000,1,48,"47"
"Arizona",2005,0,3,"AZ2005","0",NA,0.4472,4.6,NA,NA,NA,NA,NA,NA,"GW Bush",2,2004,2,48,"51"
"Arizona",2006,0,3,"AZ2006","0",NA,0.4472,4.1,NA,NA,NA,NA,NA,NA,"GW Bush",2,2004,2,45,"53"
"Arizona",2007,0,3,"AZ2007","0",NA,0.4472,3.8,NA,NA,NA,NA,NA,NA,"GW Bush",2,2004,2,36,"60"
"Arizona",2008,0,3,"AZ2008","1",0.456860992803837,0.4472,5.5,NA,NA,NA,NA,NA,NA,"GW Bush",2,2004,2,34,"61"
"Arkansas",1991,1,4,"AR1991","0",NA,0.428,7.2,20.3,38.9,40.8,23.7,38.9,37.4,"Bush",2,1988,1,63,"36"
"Arkansas",1993,1,4,"AR1993","0",NA,0.6,6.1,12.4,41.2,46.4,21.8,39.7,38.5,"Clinton",1,1992,1,39,"58"
"Arkansas",1994,1,4,"AR1994","0",NA,0.6,5.3,16.4,38.9,44.7,15.5,41.5,43,"Clinton",1,1992,1,47,"53"
"Arkansas",1995,1,4,"AR1995","0",NA,0.6,4.8,26.4,30.7,42.9,16.8,41.5,41.7,"Clinton",1,1992,1,38,"62"
"Arkansas",1996,1,4,"AR1996","1",0.594,0.6,5.1,21.3,35.6,43.1,15.9,42.8,41.3,"Clinton",1,1992,1,49,"51"
"Arkansas",1997,1,4,"AR1997","0",NA,0.594,5.1,20.8,37.2,42,15.6,44.4,40,"Clinton",1,1992,1,54,"46"
"Arkansas",1998,1,4,"AR1998","0",NA,0.594,5,20.6,33.6,45.8,17.7,40.4,42,"Clinton",1,1992,1,61,"39"
"Arkansas",2001,1,4,"AR2001","0",NA,0.472,4.7,25.3,36.1,38.6,12.6,47.9,39.6,"GW Bush",2,2000,1,87,"9"
"Arkansas",2002,1,4,"AR2002","0",NA,0.472,5.3,20.3,37.8,41.8,16.8,43.6,39.5,"GW Bush",2,2000,1,70,"26"
"Arkansas",2003,1,4,"AR2003","0",NA,0.472,5.8,26.5,27.3,46.2,18.2,28.7,53.1,"GW Bush",2,2000,1,47,"46"
"Arkansas",2004,1,4,"AR2004","1",0.450642517483322,0.472,5.6,NA,NA,NA,NA,NA,NA,"GW Bush",2,2000,1,50,"45"
"Arkansas",2005,1,4,"AR2005","0",NA,0.4506,5.1,NA,NA,NA,NA,NA,NA,"GW Bush",2,2004,2,38,"58"
"Arkansas",2006,1,4,"AR2006","0",NA,0.4506,5.2,NA,NA,NA,NA,NA,NA,"GW Bush",2,2004,2,37,"60"
"Arkansas",2007,1,4,"AR2007","0",NA,0.4506,5.1,NA,NA,NA,NA,NA,NA,"GW Bush",2,2004,2,30,"65"
"Arkansas",2008,1,4,"AR2008","1",0.398282793892827,0.4506,5.1,NA,NA,NA,NA,NA,NA,"GW Bush",2,2004,2,27,"67"
"California",1977,0,5,"CA1977",".",NA,NA,8.3,24,28.5,47.5,30.2,37.8,31.9,"Carter",1,1976,1,53,"35"
"California",1981,0,5,"CA1981","0",NA,0.405,7.4,30.8,29.6,39.6,25.1,42.4,32.5,"Reagan",2,1980,1,64,"28"
"California",1984,0,5,"CA1984","1",0.418,0.405,7.8,35,26.9,38.1,24.2,42.3,33.5,"Ford",2,1974,4,16,"32"
"California",1989,0,5,"CA1989","0",NA,0.482,5.1,36.4,26.4,37.1,23.8,42,34.3,"Bush",2,1988,1,42,"49"
"California",1990,0,5,"CA1990","0",NA,0.482,5.8,38.9,26,35.1,23.4,42.9,33.7,"Bush",2,1988,1,63,"37"
"California",1991,0,5,"CA1991","0",NA,0.482,7.8,37.5,26.4,36.2,26.2,43.5,30.3,"Bush",2,1988,1,82,"16"
"California",1992,0,5,"CA1992","1",0.585,0.482,9.4,34.6,27.4,38.1,27.2,41.5,31.3,"Bush",2,1988,1,46,"23"
"California",1993,0,5,"CA1993","0",NA,0.585,9.5,35.4,24.7,39.9,24,42.6,33.4,"Clinton",1,1992,1,49,"43"
"California",1994,0,5,"CA1994","0",NA,0.585,8.6,33.4,26.9,39.7,23.1,43,33.8,"Clinton",1,1992,1,35,"62"
"California",1995,0,5,"CA1995","0",NA,0.585,7.9,34.1,27,38.8,21.8,45,33.2,"Clinton",1,1992,1,41,"59"
"California",1996,0,5,"CA1996","1",0.572,0.585,7.3,32.7,25,42.3,22.2,47,30.8,"Clinton",1,1992,1,62,"37"
"California",1997,0,5,"CA1997","0",NA,0.572,6.4,30.3,24.3,45.4,27.6,43.8,28.6,"Clinton",1,1996,2,61,"32"
"California",1998,0,5,"CA1998","0",NA,0.572,6,31.8,27,41.2,24.6,44.9,30.4,"Clinton",1,1996,2,31,"66"
"California",1999,0,5,"CA1999","0",NA,0.572,5.3,32.6,26,41.3,26,45.4,28.6,"Clinton",1,1996,2,60,"34"
"California",2000,0,5,"CA2000","1",0.562029899990718,0.572,4.9,31.5,25.5,43,29.3,41.9,28.8,"Clinton",1,1996,2,64,"30"
"California",2001,0,5,"CA2001","0",NA,0.562,5.4,31.1,26.3,42.6,30.6,43,26.4,"GW Bush",2,2000,1,74,"20"
"California",2002,0,5,"CA2002","0",NA,0.562,6.7,29.6,29.4,41,25,46.3,28.7,"GW Bush",2,2000,1,63,"28"
"California",2003,0,5,"CA2003","0",NA,0.562,6.8,29.1,29,41.8,24.6,47.9,27.5,"GW Bush",2,2000,1,56,"39"
"California",2004,0,5,"CA2004","1",0.550413204528225,0.562,6.2,NA,NA,NA,NA,NA,NA,"GW Bush",2,2000,1,43,"55"
"California",2005,0,5,"CA2005","0",NA,0.5504,5.4,NA,NA,NA,NA,NA,NA,"GW Bush",2,2004,2,33,"65"
"California",2006,0,5,"CA2006","0",NA,0.5504,4.9,NA,NA,NA,NA,NA,NA,"GW Bush",2,2004,2,32,"62"
"California",2007,0,5,"CA2007","0",NA,0.5504,5.4,NA,NA,NA,NA,NA,NA,"GW Bush",2,2004,2,25,"72"
"California",2008,0,5,"CA2008","1",0.622784495915854,0.5504,7.2,NA,NA,NA,NA,NA,NA,"GW Bush",2,2004,2,27,"69"
"Colorado",1993,0,6,"CO1993","0",NA,0.528,5.3,29.6,38.8,31.7,16.8,49.9,33.3,"Clinton",1,1992,1,59,"31"
"Colorado",1994,0,6,"CO1994","0",NA,0.528,4.3,34.2,37.4,28.4,29.9,33.5,36.6,"Clinton",1,1992,1,38,"55"
"Colorado",1995,0,6,"CO1995","0",NA,0.528,4,37.4,36.1,26.5,20.9,37.8,41.3,"Clinton",1,1992,1,41,"59"
"Colorado",1996,0,6,"CO1996","1",0.492,0.528,4.2,32,38.9,29.1,18.4,46.9,34.6,"Clinton",1,1992,1,44,"56"
"Colorado",1998,0,6,"CO1998","0",NA,0.492,3.5,32.8,38.8,28.4,20.9,43.8,35.3,"Clinton",1,1996,2,49,"51"
"Colorado",2001,0,6,"CO2001","0",NA,0.4551,3.8,30.8,38.1,31.1,24.1,44,31.9,"GW Bush",2,2000,1,56,"39"
"Colorado",2002,0,6,"CO2002","0",NA,0.4551,5.7,29.6,43.4,27,27.2,44.4,28.4,"GW Bush",2,2000,1,65,"35"
"Colorado",2003,0,6,"CO2003","0",NA,0.4551,6.1,26,40.4,33.6,26.2,47.3,26.5,"GW Bush",2,2000,1,76,"24"
"Colorado",2004,0,6,"CO2004","1",0.476337704417574,0.4551,5.6,NA,NA,NA,NA,NA,NA,"GW Bush",2,2000,1,50,"50"
"Colorado",2005,0,6,"CO2005","0",NA,0.4763,5.1,NA,NA,NA,NA,NA,NA,"GW Bush",2,2004,2,45,"52"
"Colorado",2006,0,6,"CO2006","0",NA,0.4763,4.4,NA,NA,NA,NA,NA,NA,"GW Bush",2,2004,2,39,"58"
"Colorado",2008,0,6,"CO2008","1",0.545508076580837,0.4763,4.9,NA,NA,NA,NA,NA,NA,"GW Bush",2,2004,2,26,"66"
"Connecticut",1990,0,7,"CT1990","0",NA,0.474,4.9,29.2,48.4,22.4,26.4,46.9,26.7,"Bush",2,1988,1,57,"42"
"Connecticut",1991,0,7,"CT1991","0",NA,0.474,6.5,26.9,42.3,30.8,26.1,42.2,31.7,"Bush",2,1988,1,57,"43"
"Connecticut",1992,0,7,"CT1992","1",0.541,0.474,7.3,27.7,43.2,29.1,21.9,41.8,36.2,"Bush",2,1988,1,27,"73"
"Connecticut",1993,0,7,"CT1993","0",NA,0.541,6.4,30.6,41.8,27.6,19.4,43.2,37.4,"Clinton",1,1992,1,45,"46"
"Connecticut",1994,0,7,"CT1994","0",NA,0.541,5.5,23.4,43.7,32.9,22.9,47.6,29.5,"Clinton",1,1992,1,47,"49"
"Connecticut",1995,0,7,"CT1995","0",NA,0.541,5.3,24.4,44.6,31,21.8,51.1,27.1,"Clinton",1,1992,1,33,"66"
"Connecticut",1996,0,7,"CT1996","1",0.604,0.541,5.3,24.9,40.8,34.3,21.9,52.6,25.5,"Clinton",1,1992,1,40,"59"
"Connecticut",1998,0,7,"CT1998","0",NA,0.604,3.3,22.6,43.3,34.1,21.2,47.2,31.6,"Clinton",1,1996,2,58,"39"
"Connecticut",2000,0,7,"CT2000","1",0.592556580488545,0.604,2.3,27.4,38.2,34.4,25.8,50.1,24.1,"Clinton",1,1996,2,59,"36"
"Connecticut",2001,0,7,"CT2001","0",NA,0.5926,3.1,21.3,40,38.7,32,41,27.1,"GW Bush",2,2000,1,87,"10"
"Connecticut",2002,0,7,"CT2002","0",NA,0.5926,4.4,26.3,33,40.7,29.7,48.1,22.2,"GW Bush",2,2000,1,79,"16"
"Connecticut",2003,0,7,"CT2003","0",NA,0.5926,5.5,30.3,40.9,28.8,17.9,52.5,29.6,"GW Bush",2,2000,1,60,"39"
"Connecticut",2004,0,7,"CT2004","1",0.552749475605841,0.5926,4.9,NA,NA,NA,NA,NA,NA,"GW Bush",2,2000,1,42,"53"
"Connecticut",2005,0,7,"CT2005","0",NA,0.5527,4.9,NA,NA,NA,NA,NA,NA,"GW Bush",2,2004,2,40,"54"
"Connecticut",2006,0,7,"CT2006","0",NA,0.5527,4.4,NA,NA,NA,NA,NA,NA,"GW Bush",2,2004,2,30,"68"
"Connecticut",2007,0,7,"CT2007","0",NA,0.5527,4.6,NA,NA,NA,NA,NA,NA,"GW Bush",2,2004,2,24,"72"
"Connecticut",2008,0,7,"CT2008","1",0.613183620216556,0.5527,5.7,NA,NA,NA,NA,NA,NA,"GW Bush",2,2004,2,19,"78"
"Delaware",1994,0,8,"DE1994","0",NA,0.552,4.6,30.6,26.9,42.5,16.7,56.1,27.2,"Clinton",1,1992,1,45,"51"
"Delaware",1996,0,8,"DE1996","1",0.586,0.552,4.3,22.4,38,39.6,23.7,47.2,29.1,"Clinton",1,1992,1,43,"57"
"Delaware",2005,0,8,"DE2005","0",NA,0.5383,4,NA,NA,NA,NA,NA,NA,"GW Bush",2,2004,2,33,"65"
"Delaware",2006,0,8,"DE2006","0",NA,0.5383,3.5,NA,NA,NA,NA,NA,NA,"GW Bush",2,2004,2,31,"66"
"Delaware",2007,0,8,"DE2007","0",NA,0.5383,3.4,NA,NA,NA,NA,NA,NA,"GW Bush",2,2004,2,29,"64"
"Delaware",2008,0,8,"DE2008","1",0.626381386498886,0.5383,4.8,NA,NA,NA,NA,NA,NA,"GW Bush",2,2004,2,12,"84"
"Florida",1979,1,9,"FL1979","0",NA,0.5268,6.1,23.8,35.4,40.8,22.4,36.9,40.7,"Carter",1,1976,1,40,"47"
"Florida",1980,1,9,"FL1980","1",0.409,0.5268,6.1,24.8,25.2,50,19.8,43.3,36.8,"Carter",1,1976,1,38,"60"
"Florida",1981,1,9,"FL1981","0",NA,0.409,6.8,28.5,30.6,40.9,25.9,36.6,37.5,"Reagan",2,1980,1,37,"25"
"Florida",1982,1,9,"FL1982","0",NA,0.409,8.4,27.1,31.8,41,20.9,46.9,32.2,"Reagan",2,1980,1,56,"42"
"Florida",1983,1,9,"FL1983","0",NA,0.409,8.5,29.3,24.3,46.4,21.9,43.1,35,"Reagan",2,1980,1,43,"55"
"Florida",1984,1,9,"FL1984","1",0.347,0.409,6.6,33.3,26.9,39.8,18,42.4,39.7,"Reagan",2,1980,1,61,"38"
"Florida",1985,1,9,"FL1985","0",NA,0.347,6.2,34.1,26.4,39.5,21.4,44.7,33.9,"Reagan",2,1984,1,64,"35"
"Florida",1986,1,9,"FL1986","0",NA,0.347,5.9,34.1,29.2,36.7,18.6,40.2,41.3,"Reagan",2,1984,1,70,"29"
"Florida",1987,1,9,"FL1987","0",NA,0.347,5.4,34,23,43,22.9,40.3,36.8,"Reagan",2,1984,2,62,"39"
"Florida",1988,1,9,"FL1988","1",0.387,0.347,5.3,35.1,26.1,38.8,18.1,43.3,38.6,"Reagan",2,1984,1,58,"41"
"Florida",1990,1,9,"FL1990","0",NA,0.387,6.3,37.5,28.7,33.9,25,44.8,30.2,"Bush",2,1988,1,70,"27"
"Florida",1991,1,9,"FL1991","0",NA,0.387,7.6,36.5,27.1,36.4,22,43.3,34.7,"Bush",2,1988,1,59,"41"
"Florida",1992,1,9,"FL1992","1",0.488,0.387,8.4,33.4,28.9,37.6,20.5,46.7,32.8,"Bush",2,1988,1,59,"40"
"Florida",1993,1,9,"FL1993","0",NA,0.488,7.2,31.2,27.7,41.1,20.1,42,37.9,"Clinton",1,1992,1,32,"68"
"Florida",1994,1,9,"FL1994","0",NA,0.488,6.5,33.4,29,37.6,20.9,44.9,34.2,"Clinton",1,1992,1,44,"52"
"Florida",1995,1,9,"FL1995","0",NA,0.488,5.7,34.3,27,38.7,20.9,45.2,33.9,"Clinton",1,1992,1,32,"68"
"Florida",1996,1,9,"FL1996","1",0.532,0.488,5.3,34,26.3,39.7,17.9,48,34.1,"Clinton",1,1992,1,39,"61"
"Florida",1997,1,9,"FL1997","0",NA,0.532,5,34.9,27.1,37.9,20.5,44.2,35.3,"Clinton",1,1996,2,42,"58"
"Florida",1998,1,9,"FL1998","0",NA,0.532,4.5,32.3,29.6,38.1,20.7,46.5,32.9,"Clinton",1,1996,2,44,"56"
"Florida",2001,1,9,"FL2001","0",NA,0.5,4.7,33.1,27.2,39.6,20.2,44.7,35.2,"GW Bush",2,2000,1,56,"42"
"Florida",2002,1,9,"FL2002","0",NA,0.5,5.7,31.3,28.4,40.3,20.2,49.6,30.2,"GW Bush",2,2000,1,80,"20"
"Florida",2003,1,9,"FL2003","0",NA,0.5,5.3,33.2,31.1,35.7,20,44.3,35.7,"GW Bush",2,2000,1,54,"46"
"Florida",2004,1,9,"FL2004","1",0.474763204243312,0.5,4.7,NA,NA,NA,NA,NA,NA,"GW Bush",2,2000,1,50,"47"
"Florida",2005,1,9,"FL2005","0",NA,0.4748,3.8,NA,NA,NA,NA,NA,NA,"GW Bush",2,2004,2,40,"50"
"Florida",2006,1,9,"FL2006","0",NA,0.4748,3.4,NA,NA,NA,NA,NA,NA,"GW Bush",2,2004,2,55,"35"
"Florida",2007,1,9,"FL2007","0",NA,0.4748,4.1,NA,NA,NA,NA,NA,NA,"GW Bush",2,2004,2,34,"60"
"Florida",2008,1,9,"FL2008","1",0.514176956328481,0.4748,6.2,NA,NA,NA,NA,NA,NA,"GW Bush",2,2004,2,34,"58"
"Georgia",1994,1,10,"GA1994","0",NA,0.503,5.1,31.1,30.5,38.4,16.8,42.5,40.8,"Clinton",1,1992,1,35,"54"
"Georgia",1995,1,10,"GA1995","0",NA,0.503,4.8,30.2,29.6,40.3,20.7,37.8,41.6,"Clinton",1,1992,1,44,"38"
"Georgia",1996,1,10,"GA1996","1",0.494,0.503,4.6,33.2,25.8,41,16.4,41.7,41.9,"Clinton",1,1992,1,60,""
"Georgia",1997,1,10,"GA1997","0",NA,0.494,4.5,28.9,26.7,44.4,14.9,46.2,38.9,"Clinton",1,1996,2,60,""
"Georgia",1998,1,10,"GA1998","0",NA,0.494,4.2,26.1,34.7,39.1,18.3,44.9,36.8,"Clinton",1,1996,2,61,"36"
"Georgia",1999,1,10,"GA1999","0",NA,0.494,3.8,32.2,31.3,36.5,21.2,40.1,38.7,"Clinton",1,1996,2,58,""
"Georgia",2002,1,10,"GA2002","0",NA,0.4402,4.8,30.5,33,36.5,23.2,39.9,36.9,"GW Bush",2,2000,1,77,"23"
"Georgia",2003,1,10,"GA2003","0",NA,0.4402,4.8,34.9,28.8,36.3,18.5,39.6,41.9,"GW Bush",2,2000,1,60,"34"
"Georgia",2004,1,10,"GA2004","1",0.416457673035904,0.4402,4.7,NA,NA,NA,NA,NA,NA,"GW Bush",2,2000,1,66,"28"
"Georgia",2005,1,10,"GA2005","0",NA,0.4165,5.2,NA,NA,NA,NA,NA,NA,"GW Bush",2,2004,2,47,"51"
"Georgia",2006,1,10,"GA2006","0",NA,0.4165,4.6,NA,NA,NA,NA,NA,NA,"GW Bush",2,2004,2,44,"53"
"Georgia",2007,1,10,"GA2007","0",NA,0.4165,4.6,NA,NA,NA,NA,NA,NA,"GW Bush",2,2004,2,42,"47"
"Georgia",2008,1,10,"GA2008","1",0.473716644891882,0.4165,6.2,NA,NA,NA,NA,NA,NA,"GW Bush",2,2004,2,41,"47"
"Hawaii",1994,0,11,"HI1994","0",NA,0.567,5.1,NA,NA,NA,NA,NA,NA,"Clinton",1,1992,1,55,"45"
"Hawaii",1995,0,11,"HI1995","0",NA,0.567,5.5,NA,NA,NA,NA,NA,NA,"Clinton",1,1992,1,38,"61"
"Hawaii",1996,0,11,"HI1996","1",0.643,0.567,5.9,NA,NA,NA,NA,NA,NA,"Clinton",1,1992,1,56,"44"
"Hawaii",1997,0,11,"HI1997","0",NA,0.643,5.8,NA,NA,NA,NA,NA,NA,"Clinton",1,1996,2,56,"44"
"Hawaii",2005,0,11,"HI2005","0",NA,0.544,2.7,NA,NA,NA,NA,NA,NA,"GW Bush",2,2004,2,41,"54"
"Hawaii",2006,0,11,"HI2006","0",NA,0.544,2.5,NA,NA,NA,NA,NA,NA,"GW Bush",2,2004,2,39,"58"
"Idaho",1994,0,12,"ID1994","0",NA,0.403,5.4,43.2,45.2,11.6,15.4,45.8,38.7,"Clinton",1,1992,1,34,"66"
"Idaho",1996,0,12,"ID1996","1",0.392,0.403,5.3,42,33,25.1,13.4,55.2,31.4,"Clinton",1,1992,1,29,"71"
"Idaho",1997,0,12,"ID1997","0",NA,0.392,5.1,45,39.5,15.5,13.8,46.2,40,"Clinton",1,1992,1,29,"71"
"Idaho",2005,0,12,"ID2005","0",NA,0.3068,3.7,NA,NA,NA,NA,NA,NA,"GW Bush",2,2004,2,57,"38"
"Idaho",2006,0,12,"ID2006","0",NA,0.3068,3,NA,NA,NA,NA,NA,NA,"GW Bush",2,2004,2,58,"39"
"Idaho",2008,0,12,"ID2008","1",0.369754101949795,0.3068,4.9,NA,NA,NA,NA,NA,NA,"GW Bush",2,2004,2,43,"56"
"Illinois",1984,0,13,"IL1984","1",0.435,0.457,9.1,25.1,36.7,38.2,19.6,45.2,35.2,"Reagan",2,1980,2,54,"19"
"Illinois",1985,0,13,"IL1985","0",NA,0.435,9.1,28.5,33.6,37.9,25.7,40.7,33.6,"Reagan",2,1984,2,56,"14"
"Illinois",1986,0,13,"IL1986","0",NA,0.435,8.3,28.5,33.2,38.3,20.1,44.2,35.7,"Reagan",2,1984,2,58,"15"
"Illinois",1987,0,13,"IL1987","0",NA,0.435,7.4,31.6,28.5,39.9,25,41.7,33.2,"Reagan",2,1984,2,44,"47"
"Illinois",1988,0,13,"IL1988","1",0.49,0.435,6.8,31,29.9,39.1,20,47.2,32.8,"Reagan",2,1984,2,51,"21"
"Illinois",1989,0,13,"IL1989","0",NA,0.49,6.1,38.7,33.2,28.1,20.6,43.4,36,"Bush",2,1988,1,51,"46"
"Illinois",1990,0,13,"IL1990","0",NA,0.49,6.3,30.3,33.3,36.3,21.4,47.1,31.5,"Bush",2,1988,1,54,"44"
"Illinois",1991,0,13,"IL1991","0",NA,0.49,7.3,28.7,33.9,37.4,23.6,44.5,31.9,"Bush",2,1988,1,57,"42"
"Illinois",1992,0,13,"IL1992","1",0.586,0.49,7.8,29.2,34.3,36.4,23,43.7,33.3,"Clinton",1,1996,2,33,"57"
"Illinois",1993,0,13,"IL1993","0",NA,0.586,7.4,27.4,34.4,38.3,23.4,43.6,33,"Clinton",1,1992,1,36,"61"
"Illinois",1994,0,13,"IL1994","0",NA,0.586,5.8,28,38.1,33.8,23.1,44.9,32,"Clinton",1,1992,1,47,"47"
"Illinois",1995,0,13,"IL1995","0",NA,0.586,5.2,30.9,33.6,35.5,21,46.8,32.2,"Clinton",1,1992,1,39,""
"Illinois",1996,0,13,"IL1996","1",0.596,0.586,5.3,27.3,31.4,41.3,19.3,47.2,33.5,"Clinton",1,1992,1,50,"50"
"Illinois",1997,0,13,"IL1997","0",NA,0.596,4.8,28.4,35.3,36.2,23.8,43,33.2,"Clinton",1,1996,2,64,"27"
"Illinois",1998,0,13,"IL1998","0",NA,0.596,4.5,25.2,33.4,41.4,22.3,51,26.7,"Clinton",1,1996,2,51,"46"
"Illinois",1999,0,13,"IL1999","0",NA,0.596,4.5,26.5,32.3,41.2,25.3,41.4,33.3,"Clinton",1,1996,2,51,"20"
"Illinois",2000,0,13,"IL2000","1",0.561800103158396,0.596,4.5,25.9,33.9,40.2,26.6,44.9,28.5,"Clinton",1,1996,2,64,"33"
"Illinois",2001,0,13,"IL2001","0",NA,0.5618,5.4,31.5,29.7,38.8,20.3,47.8,31.9,"GW Bush",2,2000,1,82,"9"
"Illinois",2002,0,13,"IL2002","0",NA,0.5618,6.5,28,33,39,23.8,48.4,27.8,"GW Bush",2,2000,1,63,"na"
"Illinois",2003,0,13,"IL2003","0",NA,0.5618,6.7,30.2,28.7,41.1,19,49.3,31.7,"GW Bush",2,2000,1,46,"44"
"Illinois",2004,0,13,"IL2004","1",0.552086340495535,0.5618,6.2,NA,NA,NA,NA,NA,NA,"GW Bush",2,2000,1,37,"55"
"Illinois",2005,0,13,"IL2005","0",NA,0.5521,5.8,NA,NA,NA,NA,NA,NA,"GW Bush",2,2004,2,37,"58"
"Illinois",2006,0,13,"IL2006","0",NA,0.5521,4.6,NA,NA,NA,NA,NA,NA,"GW Bush",2,2004,2,28,"69"
"Illinois",2007,0,13,"IL2007","0",NA,0.5521,5.1,NA,NA,NA,NA,NA,NA,"GW Bush",2,2004,2,33,"62"
"Illinois",2008,0,13,"IL2008","1",0.627342640445594,0.5521,6.5,NA,NA,NA,NA,NA,NA,"GW Bush",2,2004,2,28,"71"
"Indiana",1983,0,14,"IN1983","0",NA,0.402,11.1,28.7,35.9,35.3,18.7,38.6,42.7,"Reagan",2,1980,2,36,"64"
"Indiana",1985,0,14,"IN1985","0",NA,0.379,7.7,39.3,29.9,30.8,15.5,44.5,40,"Reagan",2,1984,2,55,"45"
"Indiana",1986,0,14,"IN1986","0",NA,0.379,6.8,35.8,33.1,31.1,19,50.1,31,"Reagan",2,1984,2,64,"36"
"Indiana",1989,0,14,"IN1989","0",NA,0.399,4.7,45.1,26,28.8,19.7,48.5,31.8,"Bush",2,1988,1,52,"43"
"Indiana",1990,0,14,"IN1990","0",NA,0.399,5,34.1,32.1,33.8,24.2,40.5,35.3,"Bush",2,1988,1,57,"33"
"Indiana",1991,0,14,"IN1991","0",NA,0.399,5.6,39.5,28.5,32,20.2,40.4,39.4,"Bush",2,1988,1,41,"38"
"Indiana",1994,0,14,"IN1994","0",NA,0.462,4.5,31.4,36.4,32.2,17.8,43.9,38.2,"Clinton",1,1992,1,41,"51"
"Indiana",1995,0,14,"IN1995","0",NA,0.462,4.3,30.7,36.4,32.9,18.5,43.4,38,"Clinton",1,1992,1,32,"67"
"Indiana",1996,0,14,"IN1996","1",0.469,0.462,3.9,37.6,30.2,32.2,16.9,44.9,38.2,"Clinton",1,1992,1,37,"63"
"Indiana",1997,0,14,"IN1997","0",NA,0.469,3.3,36,35.7,28.3,20.3,43.2,36.5,"Clinton",1,1996,2,41,"59"
"Indiana",1998,0,14,"IN1998","0",NA,0.469,2.9,32.9,35,32.1,17.1,44.3,38.6,"Clinton",1,1996,2,40,"60"
"Indiana",2000,0,14,"IN2000","1",0.419952174674181,0.469,2.9,33.5,35.4,31.1,18.3,40.1,41.6,"Clinton",1,1996,2,48,"50"
"Indiana",2001,0,14,"IN2001","0",NA,0.42,4.2,34.2,32.3,33.5,18.6,45.4,36,"GW Bush",2,2000,1,89,"8"
"Indiana",2002,0,14,"IN2002","0",NA,0.42,5.2,41,28.8,30.2,20.3,38.2,41.6,"GW Bush",2,2000,1,76,""
"Indiana",2004,0,14,"IN2004","1",0.395765237503415,0.42,5.3,NA,NA,NA,NA,NA,NA,"GW Bush",2,2000,1,10,"57"
"Indiana",2005,0,14,"IN2005","0",NA,0.3958,5.4,NA,NA,NA,NA,NA,NA,"GW Bush",2,2004,2,47,"46"
"Indiana",2006,0,14,"IN2006","0",NA,0.3958,5,NA,NA,NA,NA,NA,NA,"GW Bush",2,2004,2,36,"61"
"Indiana",2007,0,14,"IN2007","0",NA,0.3958,4.6,NA,NA,NA,NA,NA,NA,"GW Bush",2,2004,2,39,"59"
"Indiana",2008,0,14,"IN2008","1",0.505219534453781,0.3958,5.9,NA,NA,NA,NA,NA,NA,"GW Bush",2,2004,2,40,"57"
"Iowa",1991,0,15,"IA1991","0",NA,0.551,4.6,32.8,35.4,31.8,23.3,43.7,33,"Bush",2,1988,1,69,"29"
"Iowa",1993,0,15,"IA1993","0",NA,0.537,4.2,27.1,38.6,34.4,17.5,46.7,35.8,"Clinton",1,1992,1,41,"56"
"Iowa",1994,0,15,"IA1994","0",NA,0.537,3.8,27.1,43.5,29.4,16.3,50.9,32.8,"Clinton",1,1992,1,47,"53"
"Iowa",1995,0,15,"IA1995","0",NA,0.537,3.6,28.2,44.2,27.6,15.3,47.2,37.5,"Clinton",1,1992,1,42,"58"
"Iowa",1996,0,15,"IA1996","1",0.557,0.537,3.6,30,40.2,29.8,17.8,46.6,35.7,"Clinton",1,1992,1,61,"32"
"Iowa",1997,0,15,"IA1997","0",NA,0.557,3.2,29.8,42.2,28,16.7,46.3,37,"Clinton",1,1996,2,61,"34"
"Iowa",1998,0,15,"IA1998","0",NA,0.557,2.9,26.1,39.7,34.2,23.3,40.9,35.8,"Clinton",1,1996,2,55,"45"
"Iowa",2000,0,15,"IA2000","1",0.501627791875182,0.557,2.8,33.3,32.1,34.6,25,42.3,32.7,"Clinton",1,1996,2,55,"44"
"Iowa",2001,0,15,"IA2001","0",NA,0.5016,3.3,24.2,42.4,33.4,19.9,44.9,35.2,"GW Bush",2,2000,1,83,"12"
"Iowa",2002,0,15,"IA2002","0",NA,0.5016,3.9,29.1,45.6,25.3,22.6,45.4,32,"GW Bush",2,2000,1,69,"31"
"Iowa",2003,0,15,"IA2003","0",NA,0.5016,4.4,36.4,37.7,25.9,16.7,43.7,39.7,"GW Bush",2,2000,1,51,"49"
"Iowa",2004,0,15,"IA2004","1",0.496633207372871,0.5016,4.6,NA,NA,NA,NA,NA,NA,"GW Bush",2,2000,1,49,"39"
"Iowa",2005,0,15,"IA2005","0",NA,0.4966,4.3,NA,NA,NA,NA,NA,NA,"GW Bush",2,2004,2,39,"56"
"Iowa",2006,0,15,"IA2006","0",NA,0.4966,3.8,NA,NA,NA,NA,NA,NA,"GW Bush",2,2004,2,32,"66"
"Iowa",2007,0,15,"IA2007","0",NA,0.4966,3.7,NA,NA,NA,NA,NA,NA,"GW Bush",2,2004,2,31,"67"
"Iowa",2008,0,15,"IA2008","1",0.548487777894674,0.4966,4.1,NA,NA,NA,NA,NA,NA,"GW Bush",2,2004,2,28,"70"
"Kansas",1994,0,16,"KS1994","0",NA,0.465,4.9,40.5,34.5,25,20.8,43.7,35.5,"Clinton",1,1992,1,29,"39"
"Kansas",1995,0,16,"KS1995","0",NA,0.465,4.4,41.3,33.5,25.2,17.8,43.6,38.6,"Clinton",1,1992,1,36,"64"
"Kansas",1996,0,16,"KS1996","1",0.399,0.465,4.4,40.1,27,32.8,12.1,48.4,39.4,"Clinton",1,1992,1,39,"61"
"Kansas",1998,0,16,"KS1998","0",NA,0.399,3.8,40.2,27.1,32.7,23.2,45.9,30.9,"Clinton",1,1996,2,48,"52"
"Kansas",2005,0,16,"KS2005","0",NA,0.3713,5.1,NA,NA,NA,NA,NA,NA,"GW Bush",2,2004,2,46,"50"
"Kansas",2006,0,16,"KS2006","0",NA,0.3713,4.3,NA,NA,NA,NA,NA,NA,"GW Bush",2,2004,2,45,"52"
"Kansas",2007,0,16,"KS2007","0",NA,0.3713,4.1,NA,NA,NA,NA,NA,NA,"GW Bush",2,2004,2,40,"56"
"Kansas",2008,0,16,"KS2008","1",0.423877241810906,0.3713,4.4,NA,NA,NA,NA,NA,NA,"GW Bush",2,2004,2,41,"56"
"Kentucky",1984,1,17,"KY1984","1",0.396,0.492,9.1,25.8,28.2,46.1,19.3,45.3,35.4,"Reagan",2,1980,2,52,"43"
"Kentucky",1985,1,17,"KY1985","0",NA,0.396,9.1,22,22.9,55,22.3,43.7,34.1,"Reagan",2,1984,2,49,"49"
"Kentucky",1986,1,17,"KY1986","0",NA,0.396,9.2,31.5,13.9,54.6,13.7,56.9,29.4,"Reagan",2,1984,2,67,"32"
"Kentucky",1987,1,17,"KY1987","0",NA,0.396,8.3,36.4,15.1,48.5,28.7,37.5,33.8,"Reagan",2,1984,2,44,"55"
"Kentucky",1988,1,17,"KY1988","1",0.441,0.396,7.6,35.5,17.9,46.6,17.6,41.7,40.7,"Reagan",2,1984,2,71,"24"
"Kentucky",1989,1,17,"KY1989","0",NA,0.441,6.5,32.9,15.6,51.5,19.2,39.8,41.1,"Bush",2,1988,1,50,"4"
"Kentucky",1990,1,17,"KY1990","0",NA,0.441,6.1,23.6,25.4,51,20.2,48,31.7,"Bush",2,1988,1,52,"46"
"Kentucky",1991,1,17,"KY1991","0",NA,0.441,7.4,27.6,24.3,48.1,31.4,28.4,40.2,"Bush",2,1988,1,54,"44"
"Kentucky",1992,1,17,"KY1992","1",0.519,0.441,7,22,24.3,53.7,17.5,43.9,38.6,"Bush",2,1988,1,38,"60"
"Kentucky",1993,1,17,"KY1993","0",NA,0.519,6.4,37.3,15.6,47.1,19.6,39.1,41.3,"Clinton",1,1992,1,36,"61"
"Kentucky",1994,1,17,"KY1994","0",NA,0.519,5.5,34.4,22.7,42.9,19.8,45.3,34.8,"Clinton",1,1992,1,31,"66"
"Kentucky",1995,1,17,"KY1995","0",NA,0.519,5.6,39.2,19.5,41.2,17.6,43.4,38.9,"Clinton",1,1992,1,42,"58"
"Kentucky",1996,1,17,"KY1996","1",0.505,0.519,5.5,31.3,19.4,49.3,17.8,42.8,39.4,"Clinton",1,1992,1,39,"61"
"Kentucky",1997,1,17,"KY1997","0",NA,0.505,5.4,32.8,21.7,45.5,18.8,41.7,39.5,"Clinton",1,1996,2,47,"53"
"Kentucky",1998,1,17,"KY1998","0",NA,0.505,4.6,28.2,24.7,47.1,17.2,46.7,36.1,"Clinton",1,1996,2,59,"40"
"Kentucky",2001,1,17,"KY2001","0",NA,0.4227,5.2,31.4,23.5,45.1,17.5,53.6,28.9,"GW Bush",2,2000,1,91,"6"
"Kentucky",2003,1,17,"KY2003","0",NA,0.4227,6.3,36.8,25.9,37.3,15.9,40.8,43.3,"GW Bush",2,2000,1,65,"33"
"Kentucky",2004,1,17,"KY2004","1",0.399923800845261,0.4227,5.6,NA,NA,NA,NA,NA,NA,"GW Bush",2,2000,1,63,"35"
"Kentucky",2005,1,17,"KY2005","0",NA,0.3999,6.1,NA,NA,NA,NA,NA,NA,"GW Bush",2,2004,2,42,"54"
"Kentucky",2006,1,17,"KY2006","0",NA,0.3999,5.9,NA,NA,NA,NA,NA,NA,"GW Bush",2,2004,2,47,"49"
"Kentucky",2007,1,17,"KY2007","0",NA,0.3999,5.5,NA,NA,NA,NA,NA,NA,"GW Bush",2,2004,2,35,"62"
"Kentucky",2008,1,17,"KY2008","1",0.417665724122954,0.3999,6.4,NA,NA,NA,NA,NA,NA,"GW Bush",2,2004,2,37,"61"
"Louisiana",1990,1,18,"LA1990","0",NA,0.4481,5.9,30.1,22,47.9,23,37.1,39.9,"Bush",2,1988,1,74,"16"
"Louisiana",1991,1,18,"LA1991","0",NA,0.4481,6.9,28.1,16.7,55.2,18.3,41.9,39.8,"Bush",2,1988,1,76,"17"
"Louisiana",1992,1,18,"LA1992","1",0.526632004621606,0.4481,7.9,22.3,23.5,54.2,20.8,38.5,40.7,"Bush",2,1988,1,43,"52"
"Louisiana",1993,1,18,"LA1993","0",NA,0.5266,7.4,29.6,24.6,45.8,15.7,40.3,44,"Clinton",1,1992,1,33,"66"
"Louisiana",1995,1,18,"LA1995","0",NA,0.5266,6.7,25,22.1,52.9,18.4,41.2,40.4,"Clinton",1,1992,1,38,"62"
"Louisiana",1996,1,18,"LA1996","1",0.56563349646547,0.5266,6.3,25.8,22.4,51.8,15.2,43.7,41.1,"Clinton",1,1992,1,60,"32"
"Louisiana",1999,1,18,"LA1999","0",NA,0.5656,4.7,24.8,27.9,47.3,19.9,39.9,40.2,"Clinton",1,1996,2,65,"32"
"Louisiana",2002,1,18,"LA2002","0",NA,0.4606,5.9,30.5,21.6,47.9,15.2,41.9,42.9,"GW Bush",2,2000,1,67,"31"
"Louisiana",2003,1,18,"LA2003","0",NA,0.4606,6.2,29.5,28.5,42.1,17.1,43.5,39.4,"GW Bush",2,2000,1,65,"35"
"Louisiana",2005,1,18,"LA2005","0",NA,0.4267,6.7,NA,NA,NA,NA,NA,NA,"GW Bush",2,2004,2,51,"46"
"Louisiana",2006,1,18,"LA2006","0",NA,0.4267,3.9,NA,NA,NA,NA,NA,NA,"GW Bush",2,2004,2,38,"59"
"Louisiana",2008,1,18,"LA2008","1",0.405428258384146,0.4267,4.6,NA,NA,NA,NA,NA,NA,"GW Bush",2,2004,2,49,"48"
"Maine",1994,0,19,"ME1994","0",NA,0.561,6.4,21.9,42.4,35.7,21.5,45,33.5,"Clinton",1,1992,1,48,"48"
"Maine",1996,0,19,"ME1996","1",0.627,0.561,5.2,35.6,41.9,22.6,18.1,46.7,35.2,"Clinton",1,1992,1,58,"25"
"Maine",2003,0,19,"ME2003","0",NA,0.5275,5,28.7,52.1,19.2,20.3,43.8,35.8,"GW Bush",2,2000,1,41,"50"
"Maine",2004,0,19,"ME2004","1",0.545830164103086,0.5275,4.6,NA,NA,NA,NA,NA,NA,"GW Bush",2,2000,1,46,"54"
"Maine",2005,0,19,"ME2005","0",NA,0.5458,4.9,NA,NA,NA,NA,NA,NA,"GW Bush",2,2004,2,35,"62"
"Maine",2006,0,19,"ME2006","0",NA,0.5458,4.6,NA,NA,NA,NA,NA,NA,"GW Bush",2,2004,2,31,"68"
"Maine",2007,0,19,"ME2007","0",NA,0.5458,4.6,NA,NA,NA,NA,NA,NA,"GW Bush",2,2004,2,29,"64"
"Maine",2008,0,19,"ME2008","1",0.588295249834076,0.5458,5.4,NA,NA,NA,NA,NA,NA,"GW Bush",2,2004,2,15,"71"
"Maryland",1989,0,20,"MD1989","0",NA,0.485,3.7,31,24.5,44.5,26.3,42.8,30.9,"Bush",2,1988,1,47,"45"
"Maryland",1994,0,20,"MD1994","0",NA,0.583,5.2,25.4,27.8,46.7,27.3,41.6,31.1,"Clinton",1,1992,1,38,"62"
"Maryland",1995,0,20,"MD1995","0",NA,0.583,5.1,27.6,23.7,48.7,22.9,46.5,30.6,"Clinton",1,1992,1,41,"59"
"Maryland",1996,0,20,"MD1996","1",0.586,0.583,4.9,25.1,25.7,49.2,16.2,53.2,30.6,"Clinton",1,1992,1,44,"56"
"Maryland",1998,0,20,"MD1998","0",NA,0.586,4.3,24.9,22.5,52.6,24.3,46.8,28.8,"Clinton",1,1996,2,61,""
"Maryland",1999,0,20,"MD1999","0",NA,0.586,3.6,25.6,19.4,55.1,24.2,47.1,28.7,"Clinton",1,1996,2,64,"33"
"Maryland",2000,0,20,"MD2000","1",0.584708246005902,0.586,3.6,27.1,23.9,48.9,31.6,37.5,31,"Clinton",1,1996,2,63,"34"
"Maryland",2002,0,20,"MD2002","0",NA,0.5847,4.5,28.5,32.2,39.3,24.3,47.8,27.9,"GW Bush",2,2000,1,63,"28"
"Maryland",2003,0,20,"MD2003","0",NA,0.5847,4.5,30.3,23,46.8,19.8,39.3,40.9,"GW Bush",2,2000,1,47,"46"
"Maryland",2004,0,20,"MD2004","1",0.565655842075012,0.5847,4.3,NA,NA,NA,NA,NA,NA,"GW Bush",2,2000,1,43,"51"
"Maryland",2005,0,20,"MD2005","0",NA,0.5657,4.1,NA,NA,NA,NA,NA,NA,"GW Bush",2,2004,2,41,"57"
"Maryland",2006,0,20,"MD2006","0",NA,0.5657,3.8,NA,NA,NA,NA,NA,NA,"GW Bush",2,2004,2,37,"60"
"Maryland",2007,0,20,"MD2007","0",NA,0.5657,3.5,NA,NA,NA,NA,NA,NA,"GW Bush",2,2004,2,25,"68"
"Maryland",2008,0,20,"MD2008","1",0.629300872928855,0.5657,4.4,NA,NA,NA,NA,NA,NA,"GW Bush",2,2004,2,24,"72"
"Massachusetts",1994,0,21,"MA1994","0",NA,0.621,6.2,14.6,51.9,33.6,30.1,42.6,27.2,"Clinton",1,1992,1,58,"38"
"Massachusetts",1996,0,21,"MA1996","1",0.686,0.621,4.6,15.6,51.6,32.8,24.2,51.6,24.2,"Clinton",1,1992,1,55,"45"
"Massachusetts",1998,0,21,"MA1998","0",NA,0.686,3.4,15.3,51.5,33.2,24.8,49.4,25.8,"Clinton",1,1996,2,71,"23"
"Massachusetts",1999,0,21,"MA1999","0",NA,0.686,3.3,12.7,55.7,31.7,32.3,44.4,23.4,"Clinton",1,1996,2,63,"31"
"Massachusetts",2000,0,21,"MA2000","1",0.647893437606338,0.686,2.7,16.3,50.7,33,28.3,42.9,28.9,"Clinton",1,1996,2,69,"27"
"Massachusetts",2002,0,21,"MA2002","0",NA,0.6479,5.3,17.9,51.6,30.5,24.2,48.1,27.7,"GW Bush",2,2000,1,59,"40"
"Massachusetts",2003,0,21,"MA2003","0",NA,0.6479,5.8,17.6,50.1,32.4,27.6,43.3,29.1,"GW Bush",2,2000,1,38,"54"
"Massachusetts",2004,0,21,"MA2004","1",0.627428555129919,0.6479,5.2,NA,NA,NA,NA,NA,NA,"GW Bush",2,2000,1,39,"53"
"Massachusetts",2005,0,21,"MA2005","0",NA,0.6274,4.8,NA,NA,NA,NA,NA,NA,"GW Bush",2,2004,2,31,"67"
"Massachusetts",2006,0,21,"MA2006","0",NA,0.6274,4.8,NA,NA,NA,NA,NA,NA,"GW Bush",2,2004,2,33,"64"
"Massachusetts",2007,0,21,"MA2007","0",NA,0.6274,4.5,NA,NA,NA,NA,NA,NA,"GW Bush",2,2004,2,20,"77"
"Massachusetts",2008,0,21,"MA2008","1",0.631970904282577,0.6274,5.3,NA,NA,NA,NA,NA,NA,"GW Bush",2,2004,2,25,"73"
"Michigan",1993,0,22,"MI1993","0",NA,0.546,7.4,21.5,42.2,36.3,24.8,42.8,32.4,"Clinton",1,1992,1,46,"52"
"Michigan",1994,0,22,"MI1994","0",NA,0.546,6.2,28.4,42.1,29.4,20.7,44.6,34.7,"Clinton",1,1992,1,45,"49"
"Michigan",1995,0,22,"MI1995","0",NA,0.546,5.3,27.6,34.8,37.6,22.4,40.5,37.1,"Clinton",1,1992,1,47,"51"
"Michigan",1996,0,22,"MI1996","1",0.573,0.546,4.9,29.3,31.1,39.6,19.1,49.3,31.7,"Clinton",1,1992,1,44,"56"
"Michigan",1997,0,22,"MI1997","0",NA,0.573,4.3,29.7,33,37.3,22.1,42.2,35.7,"Clinton",1,1996,2,62,""
"Michigan",1998,0,22,"MI1998","0",NA,0.573,4,28.4,34.7,36.9,19.6,48.2,32.3,"Clinton",1,1996,2,64,"35"
"Michigan",1999,0,22,"MI1999","0",NA,0.573,3.8,29.5,33.3,37.2,20.1,45.4,34.6,"Clinton",1,1996,2,65,"34"
"Michigan",2000,0,22,"MI2000","1",0.526346064817341,0.573,3.7,32.3,29.8,37.9,22.9,44,33.1,"Clinton",1,1996,2,58,"40"
"Michigan",2001,0,22,"MI2001","0",NA,0.5263,5.2,29,32.2,38.8,20.2,45.5,34.2,"GW Bush",2,2000,1,80,"19"
"Michigan",2002,0,22,"MI2002","0",NA,0.5263,6.2,32.7,29,38.4,24.3,48.4,27.4,"GW Bush",2,2000,1,62,"37"
"Michigan",2003,0,22,"MI2003","0",NA,0.5263,7.1,30.9,36.6,32.5,20.5,46.7,32.8,"GW Bush",2,2000,1,59,"41"
"Michigan",2004,0,22,"MI2004","1",0.517258444679652,0.5263,7.1,NA,NA,NA,NA,NA,NA,"GW Bush",2,2000,1,54,""
"Michigan",2005,0,22,"MI2005","0",NA,0.5173,6.8,NA,NA,NA,NA,NA,NA,"GW Bush",2,2004,2,35,"62"
"Michigan",2006,0,22,"MI2006","0",NA,0.5173,6.9,NA,NA,NA,NA,NA,NA,"GW Bush",2,2004,2,32,"66"
"Michigan",2007,0,22,"MI2007","0",NA,0.5173,7.1,NA,NA,NA,NA,NA,NA,"GW Bush",2,2004,2,21,"68"
"Michigan",2008,0,22,"MI2008","1",0.583713015761545,0.5173,8.4,NA,NA,NA,NA,NA,NA,"GW Bush",2,2004,2,37,"58"
"Minnesota",1990,0,23,"MN1990","0",NA,0.536,4.8,23.9,31.7,44.4,21,35.6,43.4,"Bush",2,1988,1,62,"34"
"Minnesota",1991,0,23,"MN1991","0",NA,0.536,5.2,24.3,38.2,37.5,22,48.7,29.3,"Bush",2,1988,1,73,"22"
"Minnesota",1994,0,23,"MN1994","0",NA,0.577,4.1,26.8,33.8,39.5,18.2,49,32.8,"Clinton",1,1992,1,50,"46"
"Minnesota",1995,0,23,"MN1995","0",NA,0.577,3.7,26.5,38.9,34.7,18.9,53,28,"Clinton",1,1992,1,41,"59"
"Minnesota",1996,0,23,"MN1996","1",0.594,0.577,3.9,30.6,32.8,36.6,17.7,48.9,33.4,"Clinton",1,1992,1,48,"52"
"Minnesota",1998,0,23,"MN1998","0",NA,0.594,2.7,27.2,37.8,35,22.1,47.1,30.9,"Clinton",1,1996,2,70,"30"
"Minnesota",1999,0,23,"MN1999","0",NA,0.594,2.8,24.1,40.5,35.4,18.9,48.4,32.7,"Clinton",1,1996,2,71,"26"
"Minnesota",2000,0,23,"MN2000","1",0.512864119758113,0.594,3.1,28.2,38.6,33.2,26.5,43.3,30.2,"Clinton",1,1996,2,64,"34"
"Minnesota",2001,0,23,"MN2001","0",NA,0.5129,3.8,21.8,37.8,40.4,18.1,53.8,28.2,"GW Bush",2,2000,1,53,"46"
"Minnesota",2002,0,23,"MN2002","0",NA,0.5129,4.5,31.8,36.1,32,17.1,47.4,35.5,"GW Bush",2,2000,1,64,"30"
"Minnesota",2003,0,23,"MN2003","0",NA,0.5129,4.9,24.7,34.7,40.6,20,50.9,29.1,"GW Bush",2,2000,1,61,"38"
"Minnesota",2004,0,23,"MN2004","1",0.51760910610669,0.5129,4.6,NA,NA,NA,NA,NA,NA,"GW Bush",2,2000,1,44,"56"
"Minnesota",2005,0,23,"MN2005","0",NA,0.5176,4.2,NA,NA,NA,NA,NA,NA,"GW Bush",2,2004,2,34,"66"
"Minnesota",2006,0,23,"MN2006","0",NA,0.5176,4.1,NA,NA,NA,NA,NA,NA,"GW Bush",2,2004,2,33,"65"
"Minnesota",2007,0,23,"MN2007","0",NA,0.5176,4.6,NA,NA,NA,NA,NA,NA,"GW Bush",2,2004,2,29,"71"
"Minnesota",2008,0,23,"MN2008","1",0.552293749953927,0.5176,5.4,NA,NA,NA,NA,NA,NA,"GW Bush",2,2004,2,24,"70"
"Mississippi",1981,1,24,"MS1981","0",NA,0.4932,8.7,27.2,22.1,50.8,22.1,27.8,50.1,"Reagan",2,1980,2,57,"43"
"Mississippi",1982,1,24,"MS1982","0",NA,0.4932,11.5,24.8,25.8,49.4,9.9,46.9,43.1,"Reagan",2,1980,2,46,"54"
"Mississippi",1984,1,24,"MS1984","1",0.377202698620481,0.4932,10.8,25.6,24.7,49.7,18.7,47.5,33.9,"Reagan",2,1980,2,59,"41"
"Mississippi",1986,1,24,"MS1986","0",NA,0.3772,12.1,47.1,16.2,36.7,10.8,50.6,38.6,"Reagan",2,1984,2,58,"42"
"Mississippi",1988,1,24,"MS1988","1",0.394805982215036,0.3772,8.7,34.7,25.7,39.6,14.1,42,43.9,"Reagan",2,1984,2,69,"30"
"Mississippi",1990,1,24,"MS1990","0",NA,0.3948,7.7,32.7,22.1,45.2,17.4,32.1,50.5,"Bush",2,1988,1,64,"34"
"Mississippi",1992,1,24,"MS1992","1",0.450746268656716,0.3948,8.3,38.2,26.9,34.9,14.5,40.8,44.7,"Bush",2,1988,1,51,"47"
"Mississippi",1995,1,24,"MS1995","0",NA,0.4507,6.5,33.8,26.1,40.2,15.8,35,49.2,"Clinton",1,1992,1,30,"69"
"Mississippi",1996,1,24,"MS1996","1",0.472505091649695,0.4507,6.3,34,24.8,41.2,14.6,42.7,42.7,"Clinton",1,1992,1,38,"62"
"Mississippi",2000,1,24,"MS2000","1",0.413954434499593,0.4725,5.7,26.5,30.4,43.1,17.6,31.6,50.8,"Clinton",1,1996,2,46,"52"
"Mississippi",2004,1,24,"MS2004","1",0.400746042947878,0.414,6.3,NA,NA,NA,NA,NA,NA,"GW Bush",2,2000,1,51,"41"
"Mississippi",2005,1,24,"MS2005","0",NA,0.4007,7.8,NA,NA,NA,NA,NA,NA,"GW Bush",2,2004,2,49,"47"
"Mississippi",2006,1,24,"MS2006","0",NA,0.4007,6.8,NA,NA,NA,NA,NA,NA,"GW Bush",2,2004,2,49,"47"
"Mississippi",2008,1,24,"MS2008","1",0.433580690071362,0.4007,6.9,NA,NA,NA,NA,NA,NA,"GW Bush",2,2004,2,33,"65"
"Missouri",1994,0,25,"MO1994","0",NA,0.565,4.9,26.3,40.7,32.9,18.1,42.5,39.4,"Clinton",1,1992,1,35,"65"
"Missouri",1996,0,25,"MO1996","1",0.535,0.565,4.7,24.3,39.3,36.5,12.8,50,37.2,"Clinton",1,1992,1,40,"60"
"Missouri",2000,0,25,"MO2000","1",0.482880513432493,0.535,3.3,32.4,30.1,37.4,18.7,43.8,37.5,"Clinton",1,1996,2,55,"42"
"Missouri",2002,0,25,"MO2002","0",NA,0.4829,5.2,28.3,36.7,35,19.2,41.8,39.1,"GW Bush",2,2000,1,63,"30"
"Missouri",2003,0,25,"MO2003","0",NA,0.4829,5.6,38.8,35.7,25.4,18.8,44.6,36.5,"GW Bush",2,2000,1,60,"39"
"Missouri",2004,0,25,"MO2004","1",0.463802873345602,0.4829,5.8,NA,NA,NA,NA,NA,NA,"GW Bush",2,2000,1,53,"43"
"Missouri",2005,0,25,"MO2005","0",NA,0.4638,5.4,NA,NA,NA,NA,NA,NA,"GW Bush",2,2004,2,39,"59"
"Missouri",2006,0,25,"MO2006","0",NA,0.4638,4.8,NA,NA,NA,NA,NA,NA,"GW Bush",2,2004,2,37,"60"
"Missouri",2007,0,25,"MO2007","0",NA,0.4638,5.1,NA,NA,NA,NA,NA,NA,"GW Bush",2,2004,2,36,"63"
"Missouri",2008,0,25,"MO2008","1",0.499324208503234,0.4638,6.1,NA,NA,NA,NA,NA,NA,"GW Bush",2,2004,2,31,"69"
"Montana",1994,0,26,"MT1994","0",NA,0.517,5.5,34.6,38.4,27,20.5,37.3,42.2,"Clinton",1,1992,1,27,"73"
"Montana",1995,0,26,"MT1995","0",NA,0.517,5.4,33.1,40,26.9,19.1,38,42.9,"Clinton",1,1992,1,35,"65"
"Montana",1996,0,26,"MT1996","1",0.483,0.517,5.5,33.6,40.5,25.9,16.4,51.5,32,"Clinton",1,1992,1,44,"56"
"Montana",1997,0,26,"MT1997","0",NA,0.483,5.3,37.6,33.1,29.3,29.7,26.2,44.2,"Clinton",1,1996,2,39,"61"
"Montana",1998,0,26,"MT1998","0",NA,0.483,5.6,29.1,47.1,23.8,21.4,38.8,39.8,"Clinton",1,1996,2,41,"59"
"Montana",1999,0,26,"MT1999","0",NA,0.483,5.3,33.3,34.4,32.2,16.6,41.5,41.9,"Clinton",1,1996,2,41,"52"
"Montana",2000,0,26,"MT2000","1",0.363436380213303,0.483,4.8,45.2,32.2,22.6,20.9,35.2,44,"Clinton",1,1996,2,43,"54"
"Montana",2001,0,26,"MT2001","0",NA,0.3634,4.5,33.2,25.2,41.6,11.5,64.4,24.1,"GW Bush",2,2000,1,84,"16"
"Montana",2002,0,26,"MT2002","0",NA,0.3634,4.5,38.2,37.8,24,27.2,35.8,36.9,"GW Bush",2,2000,1,70,"26"
"Montana",2003,0,26,"MT2003","0",NA,0.3634,4.3,27.5,40.2,32.4,14.8,53.3,31.9,"GW Bush",2,2000,1,60,"39"
"Montana",2004,0,26,"MT2004","1",0.394999238243367,0.3634,4,NA,NA,NA,NA,NA,NA,"GW Bush",2,2000,1,56,"38"
"Montana",2005,0,26,"MT2005","0",NA,0.395,3.7,NA,NA,NA,NA,NA,NA,"GW Bush",2,2004,2,50,"45"
"Montana",2006,0,26,"MT2006","0",NA,0.395,3.3,NA,NA,NA,NA,NA,NA,"GW Bush",2,2004,2,43,"54"
"Montana",2007,0,26,"MT2007","0",NA,0.395,3.4,NA,NA,NA,NA,NA,NA,"GW Bush",2,2004,2,32,"57"
"Montana",2008,0,26,"MT2008","1",0.487686984944574,0.395,4.5,NA,NA,NA,NA,NA,NA,"GW Bush",2,2004,2,28,"60"
"Nebraska",1991,0,27,"NE1991","0",NA,NA,2.6,45,24.4,30.6,26,44.4,29.6,"Bush",2,1988,1,71,"29"
"Nebraska",1994,0,27,"NE1994","0",NA,NA,2.6,45.8,23.1,31.1,13.7,43.9,42.4,"Clinton",1,1992,1,39,"61"
"Nebraska",1995,0,27,"NE1995","0",NA,NA,2.6,45.5,27.6,26.9,14.9,44.8,40.3,"Clinton",1,1992,1,40,"60"
"Nebraska",1996,0,27,"NE1996","1",NA,NA,2.8,42.4,25.2,32.4,19.6,46.9,33.4,"Clinton",1,1992,1,44,"56"
"Nebraska",1998,0,27,"NE1998","0",NA,NA,2.5,44,28.8,27.2,17.1,41.6,41.3,"Clinton",1,1996,2,44,"48"
"Nebraska",2000,0,27,"NE2000","1",NA,NA,2.8,45.2,27.1,27.8,16.3,45.3,38.4,"Clinton",1,1996,2,42,"54"
"Nebraska",2005,0,27,"NE2005","0",NA,NA,3.9,NA,NA,NA,NA,NA,NA,"GW Bush",2,2004,2,60,"37"
"Nebraska",2006,0,27,"NE2006","0",NA,NA,3,NA,NA,NA,NA,NA,NA,"GW Bush",2,2004,2,55,"41"
"Nebraska",2007,0,27,"NE2007","0",NA,NA,2.9,NA,NA,NA,NA,NA,NA,"GW Bush",2,2004,2,41,"53"
"Nebraska",2008,0,27,"NE2008","1",0.423909255778344,NA,3.3,NA,NA,NA,NA,NA,NA,"GW Bush",2,2004,2,21,"74"
"Nevada",1993,0,28,"NV1993","0",NA,0.518,6.8,33.2,32.5,34.3,34.7,31.5,33.8,"Clinton",1,1992,1,39,"60"
"Nevada",1994,0,28,"NV1994","0",NA,0.518,6.1,35.6,37.5,26.9,28.2,37.3,34.5,"Clinton",1,1992,1,33,"61"
"Nevada",1996,0,28,"NV1996","1",0.506,0.518,5.2,37,29.5,33.5,17.6,49.1,33.3,"Clinton",1,1992,1,46,"54"
"Nevada",1997,0,28,"NV1997","0",NA,0.506,4.5,37.9,31.8,30.3,23,38.7,38.3,"Clinton",1,1992,1,38,"62"
"Nevada",1998,0,28,"NV1998","0",NA,0.506,4.4,37.1,26.9,36,20.5,51,28.6,"Clinton",1,1996,2,49,"51"
"Nevada",2000,0,28,"NV2000","1",0.481431615003276,0.506,4.5,40.7,34.9,24.4,21.5,38,40.5,"Clinton",1,1996,2,56,"41"
"Nevada",2004,0,28,"NV2004","1",0.486824042751385,0.4814,4.4,NA,NA,NA,NA,NA,NA,"GW Bush",2,2000,1,50,"45"
"Nevada",2005,0,28,"NV2005","0",NA,0.4868,4.5,NA,NA,NA,NA,NA,NA,"GW Bush",2,2004,2,37,"60"
"Nevada",2006,0,28,"NV2006","0",NA,0.4868,4.3,NA,NA,NA,NA,NA,NA,"GW Bush",2,2004,2,34,"64"
"Nevada",2007,0,28,"NV2007","0",NA,0.4868,4.7,NA,NA,NA,NA,NA,NA,"GW Bush",2,2004,2,34,"57"
"Nevada",2008,0,28,"NV2008","1",0.563867381251961,0.4868,6.7,NA,NA,NA,NA,NA,NA,"GW Bush",2,2004,2,23,"76"
"NewHampshire",1991,0,29,"NH1991","0",NA,0.431,7.3,36.4,40.2,23.4,26.8,34.2,39,"Bush",2,1988,1,76,"11"
"NewHampshire",1993,0,29,"NH1993","0",NA,0.514,6.3,30.4,46,23.6,23.2,44,32.8,"Clinton",1,1992,1,31,"56"
"NewHampshire",1994,0,29,"NH1994","0",NA,0.514,4.7,24.7,51.2,24.1,21,56.5,22.5,"Clinton",1,1992,1,48,"43"
"NewHampshire",1995,0,29,"NH1995","0",NA,0.514,4,26.3,56,17.6,27.2,43.5,29.4,"Clinton",1,1992,1,44,"45"
"NewHampshire",1996,0,29,"NH1996","1",0.556094260908783,0.514,3.7,29.2,45.8,25,27.4,40.7,32,"Clinton",1,1992,1,50,"50"
"NewHampshire",1997,0,29,"NH1997","0",NA,0.6,3.1,21.9,58.9,19.2,22.4,48.3,29.3,"Clinton",1,1996,2,33,"67"
"NewHampshire",1998,0,29,"NH1998","0",NA,0.6,2.9,23.6,52.4,23.9,20.8,50.7,28.5,"Clinton",1,1996,2,72,"24"
"NewHampshire",1999,0,29,"NH1999","0",NA,0.6,2.8,30.2,41.8,27.9,28.4,40.1,31.5,"Clinton",1,1996,2,60,"39"
"NewHampshire",2000,0,29,"NH2000","1",0.493306630125435,0.6,2.7,30.9,43.6,25.6,23.8,45.2,31,"Clinton",1,1996,2,59,"29"
"NewHampshire",2001,0,29,"NH2001","0",NA,0.5821,3.4,24.3,60.8,14.9,17.8,40.9,41.4,"GW Bush",2,2000,1,92,"6"
"NewHampshire",2002,0,29,"NH2002","0",NA,0.5821,4.5,35.3,43.3,21.4,13.9,53.4,32.7,"GW Bush",2,2000,1,72,"28"
"NewHampshire",2003,0,29,"NH2003","0",NA,0.5821,4.5,36.6,43.4,19.9,18.7,45,36.3,"GW Bush",2,2000,1,63,"32"
"NewHampshire",2004,0,29,"NH2004","1",0.506911512460902,0.5821,3.9,NA,NA,NA,NA,NA,NA,"GW Bush",2,2000,1,46,"34"
"NewHampshire",2005,0,29,"NH2005","0",NA,0.5337,3.6,NA,NA,NA,NA,NA,NA,"GW Bush",2,2004,2,36,"62"
"NewHampshire",2006,0,29,"NH2006","0",NA,0.5337,3.5,NA,NA,NA,NA,NA,NA,"GW Bush",2,2004,2,36,"63"
"NewHampshire",2007,0,29,"NH2007","0",NA,0.5337,3.5,NA,NA,NA,NA,NA,NA,"GW Bush",2,2004,2,17,"62"
"NewHampshire",2008,0,29,"NH2008","1",0.548685411201095,0.5337,3.8,NA,NA,NA,NA,NA,NA,"GW Bush",2,2004,2,16,"75"
"NewJersey",1983,0,30,"NJ1983","0",NA,0.401,8,27.8,38.4,33.8,30.7,42.3,27,"Reagan",2,1980,2,49,"50"
"NewJersey",1984,0,30,"NJ1984","1",0.395,0.401,6.2,24.3,40,35.7,25.9,44.4,29.8,"Reagan",2,1980,2,46,"52"
"NewJersey",1985,0,30,"NJ1985","0",NA,0.397,5.6,30.3,35.7,34,24.9,47.4,27.7,"Reagan",2,1984,2,58,"39"
"NewJersey",1986,0,30,"NJ1986","0",NA,0.397,5,33.6,35.6,30.8,22.1,44.5,33.5,"Reagan",2,1984,2,63,"33"
"NewJersey",1987,0,30,"NJ1987","0",NA,0.397,4.1,32.7,32.5,34.8,24.8,39.8,35.4,"Reagan",2,1984,2,57,"42"
"NewJersey",1988,0,30,"NJ1988","1",0.431,0.397,3.8,31.6,37.5,31,20.6,42.7,36.7,"Reagan",2,1984,2,63,"36"
"NewJersey",1989,0,30,"NJ1989","0",NA,0.475,4.1,39.9,34.9,25.2,26.2,42,31.8,"Bush",2,1988,1,55,"37"
"NewJersey",1990,0,30,"NJ1990","0",NA,0.475,5.1,27.1,39.9,33,31.4,42,26.6,"Bush",2,1988,1,60,"36"
"NewJersey",1991,0,30,"NJ1991","0",NA,0.475,6.8,35.1,34.5,30.5,26.3,43.9,29.9,"Bush",2,1988,1,69,"30"
"NewJersey",1992,0,30,"NJ1992","1",0.514,0.475,8.5,33,37.7,29.3,23.9,47.2,28.9,"Bush",2,1988,1,NA,""
"NewJersey",1993,0,30,"NJ1993","0",NA,0.551,7.6,25.7,38.1,36.2,25.2,44.4,30.4,"Clinton",1,1992,1,28,"70"
"NewJersey",1994,0,30,"NJ1994","0",NA,0.551,6.8,28.6,40.2,31.3,22.5,46,31.4,"Clinton",1,1992,1,40,"58"
"NewJersey",1995,0,30,"NJ1995","0",NA,0.551,6.5,33.2,34.9,31.9,24.3,46.1,29.6,"Clinton",1,1992,1,33,"66"
"NewJersey",1996,0,30,"NJ1996","1",0.6,0.551,6.2,26,38.7,35.3,21.7,49.6,28.8,"Clinton",1,1992,1,57,"39"
"NewJersey",1997,0,30,"NJ1997","0",NA,0.54,5.3,21.9,37.6,40.4,26.4,49.1,24.5,"Clinton",1,1996,2,57,"40"
"NewJersey",1998,0,30,"NJ1998","0",NA,0.54,4.6,26.7,35.7,37.6,25.4,48.4,26.3,"Clinton",1,1996,2,66,"32"
"NewJersey",1999,0,30,"NJ1999","0",NA,0.54,4.5,25.2,35.3,39.5,25.6,45.9,28.5,"Clinton",1,1996,2,61,"38"
"NewJersey",2000,0,30,"NJ2000","1",0.582114094167209,0.54,3.7,24.4,36.1,39.6,22.8,49.1,28.1,"Clinton",1,1996,2,62,"35"
"NewJersey",2001,0,30,"NJ2001","0",NA,0.5003,4.3,28.5,29.3,42.2,26.5,45.7,27.8,"GW Bush",2,2000,1,88,"8"
"NewJersey",2002,0,30,"NJ2002","0",NA,0.5003,5.8,28.3,40.1,31.6,22.7,51.1,26.2,"GW Bush",2,2000,1,64,"30"
"NewJersey",2003,0,30,"NJ2003","0",NA,0.5003,5.9,26.5,36.5,37,20.6,46,33.4,"GW Bush",2,2000,1,44,"55"
"NewJersey",2004,0,30,"NJ2004","1",0.533705363188422,0.5003,4.9,NA,NA,NA,NA,NA,NA,"GW Bush",2,2000,1,43,"47"
"NewJersey",2005,0,30,"NJ2005","0",NA,0.496,4.5,NA,NA,NA,NA,NA,NA,"GW Bush",2,2004,2,37,"59"
"NewJersey",2006,0,30,"NJ2006","0",NA,0.496,4.6,NA,NA,NA,NA,NA,NA,"GW Bush",2,2004,2,29,"70"
"NewJersey",2007,0,30,"NJ2007","0",NA,0.496,4.3,NA,NA,NA,NA,NA,NA,"GW Bush",2,2004,2,27,"66"
"NewJersey",2008,0,30,"NJ2008","1",0.57864629871424,0.496,5.5,NA,NA,NA,NA,NA,NA,"GW Bush",2,2004,2,26,"70"
"NewMexico",1992,0,31,"NM1992","1",0.551,0.521,7.5,31.1,33.7,35.2,24.6,45.2,30.1,"Bush",2,1988,1,23,"76"
"NewMexico",1993,0,31,"NM1993","0",NA,0.595,7.3,46.3,27.8,26,13.3,43.2,43.4,"Clinton",1,1992,1,41,"53"
"NewMexico",1994,0,31,"NM1994","0",NA,0.595,6.6,35.2,28,36.9,10.7,47.9,41.4,"Clinton",1,1992,1,30,"68"
"NewMexico",1995,0,31,"NM1995","0",NA,0.595,6.8,38.7,27.5,33.8,14.7,39.8,45.5,"Clinton",1,1992,1,25,"75"
"NewMexico",1996,0,31,"NM1996","1",0.54,0.595,7.5,30.8,27.7,41.5,16.5,58,25.5,"Clinton",1,1992,1,40,"59"
"NewMexico",1997,0,31,"NM1997","0",NA,0.66,6.6,45.3,22.2,32.5,13.6,48.9,37.5,"Clinton",1,1996,2,44,"55"
"NewMexico",1998,0,31,"NM1998","0",NA,0.66,6.2,26.7,35.6,37.8,26,42.7,31.4,"Clinton",1,1996,2,49,"51"
"NewMexico",1999,0,31,"NM1999","0",NA,0.66,5.6,22.6,28.8,48.6,28.9,35.7,35.4,"Clinton",1,1996,2,43,""
"NewMexico",2000,0,31,"NM2000","1",0.500319260293091,0.66,5,33.5,27,39.4,25.6,36.9,37.5,"Clinton",1,1996,2,52,"47"
"NewMexico",2003,0,31,"NM2003","0",NA,0.6309,5.9,36,24.7,39.2,21.2,35.8,43.1,"GW Bush",2,2000,1,52,"34"
"NewMexico",2004,0,31,"NM2004","1",0.495996641136451,0.6309,5.8,NA,NA,NA,NA,NA,NA,"GW Bush",2,2000,1,49,"41"
"NewMexico",2005,0,31,"NM2005","0",NA,0.5929,5.2,NA,NA,NA,NA,NA,NA,"GW Bush",2,2004,2,39,"58"
"NewMexico",2006,0,31,"NM2006","0",NA,0.5929,4.2,NA,NA,NA,NA,NA,NA,"GW Bush",2,2004,2,41,"55"
"NewMexico",2007,0,31,"NM2007","0",NA,0.5929,3.5,NA,NA,NA,NA,NA,NA,"GW Bush",2,2004,2,30,"68"
"NewMexico",2008,0,31,"NM2008","1",0.576649000187976,0.5929,4.2,NA,NA,NA,NA,NA,NA,"GW Bush",2,2004,2,32,"66"
"NewYork",1991,0,32,"NY1991","0",NA,0.3676,7.3,35.9,30.2,33.9,26.1,43.4,30.5,"Bush",2,1988,1,53,"45"
"NewYork",1993,0,32,"NY1993","0",NA,0.508,7.9,26.8,33.6,39.6,26.3,43,30.7,"Clinton",1,1992,1,33,"66"
"NewYork",1994,0,32,"NY1994","0",NA,0.508,6.9,32.3,29.9,37.8,23.7,41.2,35.2,"Clinton",1,1992,1,48,"50"
"NewYork",1995,0,32,"NY1995","0",NA,0.508,6.4,32,31.6,36.4,24.2,40.8,35,"Clinton",1,1992,1,49,"51"
"NewYork",1996,0,32,"NY1996","1",0.66,0.508,6.3,28.5,30.1,41.5,23.3,43.1,33.6,"Clinton",1,1996,2,56,"44"
"NewYork",1997,0,32,"NY1997","0",NA,0.5561,6.5,28.5,29.7,41.7,28.2,42.5,29.3,"Clinton",1,1996,2,57,"42"
"NewYork",1998,0,32,"NY1998","0",NA,0.5561,5.7,27.4,32.4,40.2,27.2,41.8,31,"Clinton",1,1996,2,65,"33"
"NewYork",1999,0,32,"NY1999","0",NA,0.5561,5.2,27.7,30.5,41.8,27.6,44.2,28.2,"Clinton",1,1996,2,93,"5"
"NewYork",2000,0,32,"NY2000","1",0.630878852342418,0.5561,4.5,25.2,29.6,45.2,28.7,42.2,29.1,"Clinton",1,1996,2,65,"32"
"NewYork",2001,0,32,"NY2001","0",NA,0.4933,4.9,26.4,29,44.7,23.6,45.5,30.9,"GW Bush",2,2000,1,82,"15"
"NewYork",2002,0,32,"NY2002","0",NA,0.4933,6.2,30.3,27.9,41.7,27.2,39.8,33,"GW Bush",2,2000,1,51,"42"
"NewYork",2003,0,32,"NY2003","0",NA,0.4933,6.4,28.2,30.5,41.3,28.9,42.6,28.5,"GW Bush",2,2000,1,43,"56"
"NewYork",2004,0,32,"NY2004","1",0.592877657040199,0.4933,5.8,NA,NA,NA,NA,NA,NA,"GW Bush",2,2000,1,40,"56"
"NewYork",2005,0,32,"NY2005","0",NA,0.5069,5,NA,NA,NA,NA,NA,NA,"GW Bush",2,2004,2,27,"66"
"NewYork",2006,0,32,"NY2006","0",NA,0.5069,4.6,NA,NA,NA,NA,NA,NA,"GW Bush",2,2004,2,24,"74"
"NewYork",2007,0,32,"NY2007","0",NA,0.5069,4.5,NA,NA,NA,NA,NA,NA,"GW Bush",2,2004,2,26,"72"
"NewYork",2008,0,32,"NY2008","1",0.635766811031269,0.5069,5.4,NA,NA,NA,NA,NA,NA,"GW Bush",2,2004,2,24,"75"
"NorthCarolina",1981,0,33,"NC1981","0",NA,0.489,6.6,37,29.4,33.7,23.2,43.3,33.5,"Reagan",2,1980,2,61,"36"
"NorthCarolina",1982,0,33,"NC1982","0",NA,0.489,9.5,24.6,32.3,43.1,14.7,42.4,42.9,"Reagan",2,1980,2,46,"52"
"NorthCarolina",1983,0,33,"NC1983","0",NA,0.489,8.9,28.6,25.1,46.3,10.6,44,45.4,"Reagan",2,1980,2,56,"42"
"NorthCarolina",1984,0,33,"NC1984","1",0.38,0.489,6.8,28.2,20.6,51.2,21.5,48.2,30.3,"Reagan",2,1980,2,63,"36"
"NorthCarolina",1988,0,33,"NC1988","1",0.418,0.38,3.7,30.7,22.5,46.8,12.7,47.7,39.6,"Reagan",2,1984,2,92,"8"
"NorthCarolina",1991,0,33,"NC1991","0",NA,0.418,5.9,34.3,22.8,42.9,18.5,42.8,38.7,"Bush",2,1988,1,39,"39"
"NorthCarolina",1992,0,33,"NC1992","1",0.495,0.418,6.2,30.5,25,44.5,16.2,44.6,39.2,"Bush",2,1988,1,44,"43"
"NorthCarolina",1993,0,33,"NC1993","0",NA,0.495,5.2,31.3,26.4,42.3,15.6,43.2,41.2,"Clinton",1,1992,1,35,"48"
"NorthCarolina",1994,0,33,"NC1994","0",NA,0.495,4.4,33.6,24.9,41.5,17.2,42.4,40.4,"Clinton",1,1992,1,41,"44"
"NorthCarolina",1995,0,33,"NC1995","0",NA,0.495,4.4,38.7,24.6,36.7,16.9,40.5,42.6,"Clinton",1,1992,1,35,"65"
"NorthCarolina",1996,0,33,"NC1996","1",0.475,0.495,4.4,32.5,22.5,44.9,16.1,46.1,37.8,"Clinton",1,1992,1,37,"63"
"NorthCarolina",1998,0,33,"NC1998","0",NA,0.475,3.5,33.8,27.2,39,19.3,39.6,41.1,"Clinton",1,1996,2,46,"54"
"NorthCarolina",1999,0,33,"NC1999","0",NA,0.475,3.3,29.8,25.2,45,15.8,41.2,43,"Clinton",1,1996,2,45,"53"
"NorthCarolina",2000,0,33,"NC2000","1",0.435360030184969,0.475,3.7,37.5,26.9,35.6,17.9,39.5,42.6,"Clinton",1,1996,2,44,"54"
"NorthCarolina",2001,0,33,"NC2001","0",NA,0.4354,5.6,31.8,26.3,41.9,18.4,45.5,36.1,"Bush",2,2000,1,53,"36"
"NorthCarolina",2002,0,33,"NC2002","0",NA,0.4354,6.6,33.8,25.4,40.8,19.9,46.9,33.2,"GW Bush",2,2000,1,63,"36"
"NorthCarolina",2003,0,33,"NC2003","0",NA,0.4354,6.5,34.4,25.1,40.5,20,44.3,35.8,"GW Bush",2,2000,1,67,"31"
"NorthCarolina",2004,0,33,"NC2004","1",0.437580279981589,0.4354,5.5,NA,NA,NA,NA,NA,NA,"GW Bush",2,2000,1,50,"36"
"NorthCarolina",2005,0,33,"NC2005","0",NA,0.4376,5.3,NA,NA,NA,NA,NA,NA,"GW Bush",2,2004,2,46,"51"
"NorthCarolina",2006,0,33,"NC2006","0",NA,0.4376,4.8,NA,NA,NA,NA,NA,NA,"GW Bush",2,2004,2,39,"58"
"NorthCarolina",2007,0,33,"NC2007","0",NA,0.4376,4.7,NA,NA,NA,NA,NA,NA,"GW Bush",2,2004,2,36,"61"
"NorthCarolina",2008,0,33,"NC2008","1",0.501659633000673,0.4376,6.3,NA,NA,NA,NA,NA,NA,"GW Bush",2,2004,2,36,"58"
"NorthDakota",1996,0,34,"ND1996","1",0.461,0.421,3.2,45,33.3,21.7,10.3,42.1,47.6,"Clinton",1,1992,1,36,"64"
"NorthDakota",2000,0,34,"ND2000","1",0.352726034293837,0.461,2.9,35.8,33.8,30.4,20.7,40.3,38.9,"Clinton",1,1996,2,52,"47"
"NorthDakota",2004,0,34,"ND2004","1",0.360906458500567,0.3527,3.5,NA,NA,NA,NA,NA,NA,"GW Bush",2,2000,1,50,"41"
"NorthDakota",2005,0,34,"ND2005","0",NA,0.3609,3.4,NA,NA,NA,NA,NA,NA,"GW Bush",2,2004,2,51,"46"
"NorthDakota",2006,0,34,"ND2006","0",NA,0.3609,3.2,NA,NA,NA,NA,NA,NA,"GW Bush",2,2004,2,47,"50"
"NorthDakota",2008,0,34,"ND2008","1",0.455712398079216,0.3609,3.2,NA,NA,NA,NA,NA,NA,"GW Bush",2,2004,2,34,"65"
"Ohio",1988,0,35,"OH1988","1",0.445,0.405,6.1,31.9,30.8,37.3,18.4,48.9,32.7,"Reagan",2,1984,2,51,"44"
"Ohio",1993,0,35,"OH1993","0",NA,0.512,6.7,29.9,28.5,41.7,22,47.6,30.4,"Clinton",1,1992,1,56,"34"
"Ohio",1994,0,35,"OH1994","0",NA,0.512,5.6,31,33.5,35.5,21.1,45.4,33.4,"Clinton",1,1992,1,50,"45"
"Ohio",1995,0,35,"OH1995","0",NA,0.512,4.9,31.3,34.9,33.9,18.6,47.4,34,"Clinton",1,1992,1,46,"46"
"Ohio",1996,0,35,"OH1996","1",0.536,0.512,5,27.6,32.7,39.7,18.1,46.7,35.2,"Clinton",1,1992,1,42,"58"
"Ohio",1997,0,35,"OH1997","0",NA,0.536,4.6,30.6,34.9,34.5,20.8,48.3,30.9,"Clinton",1,1992,1,58,"37"
"Ohio",1998,0,35,"OH1998","0",NA,0.536,4.3,31.2,33.2,35.6,19.6,44.7,35.8,"Clinton",1,1996,2,62,"34"
"Ohio",1999,0,35,"OH1999","0",NA,0.536,4.3,31.2,31,37.9,20.3,44,35.7,"Clinton",1,1992,1,56,"41"
"Ohio",2000,0,35,"OH2000","1",0.481815683390418,0.536,4,33.3,29,37.7,18.2,45.8,36,"Clinton",1,1996,2,56,"41"
"Ohio",2001,0,35,"OH2001","0",NA,0.4818,4.4,29.7,31.5,38.8,24.7,40.5,34.8,"GW Bush",2,2000,1,60,"29"
"Ohio",2002,0,35,"OH2002","0",NA,0.4818,5.7,34.8,28.6,36.6,21,42.6,36.4,"GW Bush",2,2000,1,71,"25"
"Ohio",2003,0,35,"OH2003","0",NA,0.4818,6.2,27.9,36.9,35.3,20,43,37,"GW Bush",2,2000,1,55,"43"
"Ohio",2004,0,35,"OH2004","1",0.489412559952108,0.4818,6.1,NA,NA,NA,NA,NA,NA,"GW Bush",2,2000,1,49,"49"
"Ohio",2005,0,35,"OH2005","0",NA,0.4894,5.9,NA,NA,NA,NA,NA,NA,"GW Bush",2,2004,2,36,"63"
"Ohio",2006,0,35,"OH2006","0",NA,0.4894,5.4,NA,NA,NA,NA,NA,NA,"GW Bush",2,2004,2,34,"65"
"Ohio",2007,0,35,"OH2007","0",NA,0.4894,5.6,NA,NA,NA,NA,NA,NA,"GW Bush",2,2004,2,35,"64"
"Ohio",2008,0,35,"OH2008","1",0.523338407622541,0.4894,6.5,NA,NA,NA,NA,NA,NA,"GW Bush",2,2004,2,29,"69"
"Oklahoma",1991,1,36,"OK1991","0",NA,0.416,6.2,29.2,16.8,54,14.1,39.4,46.4,"Bush",2,1988,1,76,"19"
"Oklahoma",1993,1,36,"OK1993","0",NA,0.444,6,29.4,17.6,53,20.8,39.1,40.1,"Clinton",1,1992,1,31,"67"
"Oklahoma",1994,1,36,"OK1994","0",NA,0.444,5.6,32.2,18.6,49.2,14.1,46.7,39.2,"Clinton",1,1992,1,30,"70"
"Oklahoma",1995,1,36,"OK1995","0",NA,0.444,4.6,34,16.8,49.1,14.9,44.4,40.8,"Clinton",1,1992,1,33,"67"
"Oklahoma",1996,1,36,"OK1996","1",0.456,0.444,4.2,32.3,19.5,48.1,14,45.5,40.5,"Clinton",1,1992,1,46,"49"
"Oklahoma",1998,1,36,"OK1998","0",NA,0.456,4.4,32.3,21.8,46,13.5,42.4,44,"Clinton",1,1996,2,59,""
"Oklahoma",1999,1,36,"OK1999","0",NA,0.456,3.6,34.7,19.1,46.2,20.3,42.2,37.5,"Clinton",1,1996,2,53,""
"Oklahoma",2000,1,36,"OK2000","1",0.389193287778811,0.456,3.1,35.2,18.8,46,17.1,42.8,40.1,"Clinton",1,1996,2,46,"52"
"Oklahoma",2001,1,36,"OK2001","0",NA,0.3892,3.7,37.1,18.1,44.8,14.6,39.3,46.1,"GW Bush",2,2000,1,89,"7"
"Oklahoma",2002,1,36,"OK2002","0",NA,0.3892,4.8,40.5,28.8,30.7,12.1,46.1,41.8,"GW Bush",2,2000,1,86,"10"
"Oklahoma",2005,1,36,"OK2005","0",NA,0.3443,4.5,NA,NA,NA,NA,NA,NA,"GW Bush",2,2004,2,51,"46"
"Oklahoma",2006,1,36,"OK2006","0",NA,0.3443,4.1,NA,NA,NA,NA,NA,NA,"GW Bush",2,2004,2,45,"51"
"Oklahoma",2007,1,36,"OK2007","0",NA,0.3443,4.1,NA,NA,NA,NA,NA,NA,"GW Bush",2,2004,2,47,"47"
"Oklahoma",2008,1,36,"OK2008","1",0.343549188773065,0.3443,3.8,NA,NA,NA,NA,NA,NA,"GW Bush",2,2004,2,40,"56"
"Oregon",1994,0,37,"OR1994","0",NA,0.566,5.5,34.7,26.8,38.4,26.6,37.5,35.9,"Clinton",1,1992,1,48,"52"
"Oregon",1995,0,37,"OR1995","0",NA,0.566,4.9,32,39,29,16.9,46.4,36.7,"Clinton",1,1992,1,46,"54"
"Oregon",1996,0,37,"OR1996","1",0.547,0.566,5.6,28.3,29,42.8,20,49.1,30.9,"Clinton",1,1992,1,52,"48"
"Oregon",2000,0,37,"OR2000","1",0.502358919855306,0.547,5.1,35,30.7,34.4,23.2,40.8,35.9,"Clinton",1,1992,1,55,"39"
"Oregon",2002,0,37,"OR2002","0",NA,0.5024,7.6,30,29.2,40.8,32.2,40.2,27.6,"GW Bush",2,2000,1,50,"46"
"Oregon",2004,0,37,"OR2004","1",0.521086257744501,0.5024,7.3,NA,NA,NA,NA,NA,NA,"GW Bush",2,2000,1,45,"45"
"Oregon",2005,0,37,"OR2005","0",NA,0.5211,6.2,NA,NA,NA,NA,NA,NA,"GW Bush",2,2004,2,43,"54"
"Oregon",2006,0,37,"OR2006","0",NA,0.5211,5.3,NA,NA,NA,NA,NA,NA,"GW Bush",2,2004,2,37,"62"
"Oregon",2007,0,37,"OR2007","0",NA,0.5211,5.1,NA,NA,NA,NA,NA,NA,"GW Bush",2,2004,2,32,"65"
"Oregon",2008,0,37,"OR2008","1",0.584137211772272,0.5211,6.4,NA,NA,NA,NA,NA,NA,"GW Bush",2,2004,2,32,"66"
"Pennsylvania",1994,0,38,"PA1994","0",NA,0.555,6.3,33.6,27.4,39.1,20.5,44.3,35.2,"Clinton",1,1992,1,46,"54"
"Pennsylvania",1996,0,38,"PA1996","1",0.552,0.555,5.4,36.5,22.9,40.6,17.4,50.2,32.4,"Clinton",1,1992,1,51,"49"
"Pennsylvania",1997,0,38,"PA1997","0",NA,0.552,5.1,36,22.5,41.4,19.3,49.3,31.4,"Clinton",1,1996,2,51,"49"
"Pennsylvania",1998,0,38,"PA1998","0",NA,0.552,4.6,33.2,25.4,41.4,20.2,47.1,32.7,"Clinton",1,1996,2,60,"40"
"Pennsylvania",2000,0,38,"PA2000","1",0.521484787168031,0.552,4.2,34.1,24.9,41,17.8,44.5,37.7,"Clinton",1,1996,2,57,"40"
"Pennsylvania",2002,0,38,"PA2002","0",NA,0.5215,5.6,34.7,26.7,38.6,26.7,43.3,30,"GW Bush",2,2000,1,68,"25"
"Pennsylvania",2003,0,38,"PA2003","0",NA,0.5215,5.7,36,23.9,40.1,20.3,46.6,33.1,"GW Bush",2,2000,1,67,"28"
"Pennsylvania",2004,0,38,"PA2004","1",0.512582820970624,0.5215,5.4,NA,NA,NA,NA,NA,NA,"GW Bush",2,2000,1,51,"47"
"Pennsylvania",2005,0,38,"PA2005","0",NA,0.5126,5,NA,NA,NA,NA,NA,NA,"GW Bush",2,2004,2,34,"62"
"Pennsylvania",2006,0,38,"PA2006","0",NA,0.5126,4.5,NA,NA,NA,NA,NA,NA,"GW Bush",2,2004,2,39,"60"
"Pennsylvania",2007,0,38,"PA2007","0",NA,0.5126,4.4,NA,NA,NA,NA,NA,NA,"GW Bush",2,2004,2,23,"77"
"Pennsylvania",2008,0,38,"PA2008","1",0.552297038154845,0.5126,5.4,NA,NA,NA,NA,NA,NA,"GW Bush",2,2004,2,30,"70"
"RhodeIsland",1992,0,39,"RI1992","1",0.618459111227978,0.5567,8.8,15.5,52.1,32.4,40.3,40.2,19.5,"Bush",2,1988,1,16,"83"
"RhodeIsland",1993,0,39,"RI1993","0",NA,0.5567,7.9,22.8,41.7,35.6,28.8,46.5,24.7,"Clinton",1,1992,1,38,"38"
"RhodeIsland",1994,0,39,"RI1994","0",NA,0.5567,6.8,15.7,47.3,37.1,22.3,48.9,28.8,"Clinton",1,1992,1,34,"62"
"RhodeIsland",1995,0,39,"RI1995","0",NA,0.5617,6.2,16.6,60.7,22.7,32,45.6,22.4,"Clinton",1,1992,1,40,"59"
"RhodeIsland",1996,0,39,"RI1996","1",0.69,0.5617,5.3,9.3,56,34.7,17.7,63.1,19.1,"Clinton",1,1992,1,55,"45"
"RhodeIsland",1997,0,39,"RI1997","0",NA,0.5617,5.2,23.1,44.6,32.3,17,61.3,21.6,"Clinton",1,1996,2,52,""
"RhodeIsland",1998,0,39,"RI1998","0",NA,0.5617,4.6,10.4,53.7,35.9,23,41.9,35.1,"Clinton",1,1996,2,64,"33"
"RhodeIsland",1999,0,39,"RI1999","0",NA,0.4817,4.2,17.6,46.6,35.8,16.5,53,30.5,"Clinton",1,1996,2,69,"28"
"RhodeIsland",2000,0,39,"RI2000","1",0.656491160675993,0.4817,4.2,11.6,54.4,34,21.3,54.9,23.8,"Clinton",1,1996,2,64,"31"
"RhodeIsland",2002,0,39,"RI2002","0",NA,0.4817,5.1,5.7,53.1,41.2,30.2,41.3,28.5,"GW Bush",2,2000,1,75,"19"
"RhodeIsland",2003,0,39,"RI2003","0",NA,0.5588,5.4,7.7,65.2,27.2,21.2,55.1,23.7,"GW Bush",2,2000,1,45,"48"
"RhodeIsland",2004,0,39,"RI2004","1",0.605775105758781,0.5588,5.2,NA,NA,NA,NA,NA,NA,"GW Bush",2,2000,1,36,"63"
"RhodeIsland",2005,0,39,"RI2005","0",NA,0.5588,5.1,NA,NA,NA,NA,NA,NA,"GW Bush",2,2004,2,30,"69"
"RhodeIsland",2006,0,39,"RI2006","0",NA,0.5588,5,NA,NA,NA,NA,NA,NA,"GW Bush",2,2004,2,20,"77"
"RhodeIsland",2007,0,39,"RI2007","0",NA,0.6058,5.2,NA,NA,NA,NA,NA,NA,"GW Bush",2,2004,2,16,"80"
"RhodeIsland",2008,0,39,"RI2008","1",0.641981375091458,0.6058,7.8,NA,NA,NA,NA,NA,NA,"GW Bush",2,2004,2,11,"88"
"SouthCarolina",1994,1,40,"SC1994","0",NA,0.454,6,32.5,32.6,34.9,12.7,40.3,47,"Clinton",1,1992,1,30,"70"
"SouthCarolina",1995,1,40,"SC1995","0",NA,0.454,5.1,37.1,30.4,32.5,13.1,39.5,47.4,"Clinton",1,1992,1,32,"68"
"SouthCarolina",1996,1,40,"SC1996","1",0.469,0.454,5.6,28,34.4,37.6,16.9,43.6,39.6,"Clinton",1,1992,1,35,"65"
"SouthCarolina",1997,1,40,"SC1997","0",NA,0.469,4.4,34.2,31.8,34,16.9,37.5,45.6,"Clinton",1,1996,2,37,"63"
"SouthCarolina",1998,1,40,"SC1998","0",NA,0.469,3.6,35.4,29.9,34.7,21.4,43.3,35.3,"Clinton",1,1996,2,42,"58"
"SouthCarolina",2000,1,40,"SC2000","1",0.418469727665154,0.469,3.6,36.4,26.2,37.4,16.6,47.8,35.7,"Clinton",1,1996,2,50,"47"
"SouthCarolina",2005,1,40,"SC2005","0",NA,0.4136,6.7,NA,NA,NA,NA,NA,NA,"GW Bush",2,2004,2,44,"54"
"SouthCarolina",2006,1,40,"SC2006","0",NA,0.4136,6.3,NA,NA,NA,NA,NA,NA,"GW Bush",2,2004,2,39,"59"
"SouthCarolina",2007,1,40,"SC2007","0",NA,0.4136,5.6,NA,NA,NA,NA,NA,NA,"GW Bush",2,2004,2,70,"23"
"SouthCarolina",2008,1,40,"SC2008","1",0.454555708107909,0.4136,6.9,NA,NA,NA,NA,NA,NA,"GW Bush",2,2004,2,68,"29"
"SouthDakota",1994,0,41,"SD1994","0",NA,0.477,3.4,44.5,17.6,38,18.1,42.9,39.1,"Clinton",1,1992,1,44,"50"
"SouthDakota",1996,0,41,"SD1996","1",0.481,0.477,3.4,33.4,27.8,38.8,8.1,51,40.9,"Clinton",1,1992,1,40,"60"
"SouthDakota",1997,0,41,"SD1997","0",NA,0.481,3.1,46.4,29.1,24.5,14,53.8,32.2,"Clinton",1,1996,2,33,"67"
"SouthDakota",2000,0,41,"SD2000","1",0.383852874276261,0.481,2.7,45.7,20,34.2,12.4,43.9,43.7,"Clinton",1,1996,2,52,"46"
"SouthDakota",2002,0,41,"SD2002","0",NA,0.3839,3.3,38.2,32.6,29.2,12.9,46.8,40.3,"GW Bush",2,2000,1,67,"31"
"SouthDakota",2003,0,41,"SD2003","0",NA,0.3839,3.5,42,32.4,25.6,15.6,26.1,58.3,"GW Bush",2,2000,1,61,"39"
"SouthDakota",2005,0,41,"SD2005","0",NA,0.3909,3.6,NA,NA,NA,NA,NA,NA,"GW Bush",2,2004,2,44,"55"
"SouthDakota",2006,0,41,"SD2006","0",NA,0.3909,3.1,NA,NA,NA,NA,NA,NA,"GW Bush",2,2004,2,37,"60"
"Tennessee",1991,1,42,"TN1991","0",NA,0.418,6.6,35.6,30.5,33.8,18.4,42.2,39.5,"Bush",2,1988,1,83,"16"
"Tennessee",1993,1,42,"TN1993","0",NA,0.526,6,28.3,27.5,44.2,25.5,42.1,32.4,"Clinton",1,1992,1,48,"49"
"Tennessee",1994,1,42,"TN1994","0",NA,0.526,5.1,30.4,34.8,34.8,14.9,43.7,41.4,"Clinton",1,1992,1,40,"46"
"Tennessee",1995,1,42,"TN1995","0",NA,0.526,5.3,32.2,37.1,30.8,16,40,44.1,"Clinton",1,1992,1,30,"70"
"Tennessee",1996,1,42,"TN1996","1",0.513,0.526,5.3,28.7,33,38.3,14.9,48.9,36.2,"Clinton",1,1992,1,49,"51"
"Tennessee",2000,1,42,"TN2000","1",0.48037133214821,0.513,4,26.8,37.9,35.3,19.8,41.6,38.7,"Clinton",1,1996,2,50,"47"
"Tennessee",2002,1,42,"TN2002","0",NA,0.4804,5.3,32.3,33.2,34.5,21.1,47.6,31.4,"GW Bush",2,2000,1,61,"28"
"Tennessee",2003,1,42,"TN2003","0",NA,0.4804,5.7,35,27.5,37.5,13.1,42.4,44.5,"GW Bush",2,2000,1,61,"38"
"Tennessee",2004,1,42,"TN2004","1",0.428145545452593,0.4804,5.4,NA,NA,NA,NA,NA,NA,"GW Bush",2,2000,1,53,"39"
"Tennessee",2005,1,42,"TN2005","0",NA,0.4281,5.6,NA,NA,NA,NA,NA,NA,"GW Bush",2,2004,2,43,"52"
"Tennessee",2006,1,42,"TN2006","0",NA,0.4281,5.2,NA,NA,NA,NA,NA,NA,"GW Bush",2,2004,2,37,"61"
"Tennessee",2007,1,42,"TN2007","0",NA,0.4281,4.8,NA,NA,NA,NA,NA,NA,"GW Bush",2,2004,2,35,"60"
"Tennessee",2008,1,42,"TN2008","1",0.423685281976455,0.4281,6.4,NA,NA,NA,NA,NA,NA,"GW Bush",2,2004,2,33,"60"
"Texas",1986,1,43,"TX1986","0",NA,0.362,8.9,34.3,30.4,35.3,17.7,38.4,44,"Reagan",2,1984,2,66,"32"
"Texas",1987,1,43,"TX1987","0",NA,0.362,8.5,31.2,29.3,39.6,19.2,39.5,41.3,"Reagan",2,1984,2,51,"47"
"Texas",1988,1,43,"TX1988","1",0.437,0.362,7.4,24.4,32.7,42.9,17.7,40.1,42.1,"Reagan",2,1984,2,52,"46"
"Texas",1989,1,43,"TX1989","0",NA,0.437,6.7,30.3,25,44.6,21,38.6,40.4,"Bush",2,1988,1,50,"22"
"Texas",1990,1,43,"TX1990","0",NA,0.437,6.4,29.8,31.4,38.8,19,42.3,38.7,"Bush",2,1988,1,72,"25"
"Texas",1992,1,43,"TX1992","1",0.478,0.437,7.6,28.2,35.4,36.3,20.8,39.8,39.4,"Bush",2,1988,1,49,"36"
"Texas",1993,1,43,"TX1993","0",NA,0.478,7.2,29.8,34,36.3,19.1,38.8,42.1,"Clinton",1,1992,1,33,"66"
"Texas",1994,1,43,"TX1994","0",NA,0.478,6.6,31.8,36.2,32,18.3,41.6,40.1,"Clinton",1,1992,1,32,"68"
"Texas",1995,1,43,"TX1995","0",NA,0.478,6.1,34.2,31.9,33.8,18,40.7,41.3,"Clinton",1,1992,1,39,"61"
"Texas",1996,1,43,"TX1996","1",0.473,0.478,5.8,30.4,29.2,40.4,18.2,42.4,39.4,"Clinton",1,1992,1,40,"60"
"Texas",1998,1,43,"TX1998","0",NA,0.473,4.9,29.8,33.4,36.9,18.1,40.8,41.1,"Clinton",1,1996,2,66,""
"Texas",1999,1,43,"TX1999","0",NA,0.473,4.7,32,32.3,35.7,21.2,40.5,38.3,"Clinton",1,1996,2,64,""
"Texas",2000,1,43,"TX2000","1",0.390437298514371,0.473,4.4,32.5,34.7,32.9,18.7,40.8,40.5,"Clinton",1,1996,2,45,"52"
"Texas",2002,1,43,"TX2002","0",NA,0.3904,6.4,39,29.8,31.1,18.3,39.9,41.8,"GW Bush",2,2000,1,69,"29"
"Texas",2003,1,43,"TX2003","0",NA,0.3904,6.7,34.7,31.2,34.2,19.1,43,37.8,"GW Bush",2,2000,1,58,"41"
"Texas",2004,1,43,"TX2004","1",0.384898081028901,0.3904,6,NA,NA,NA,NA,NA,NA,"GW Bush",2,2000,1,59,"39"
"Texas",2005,1,43,"TX2005","0",NA,0.3849,5.4,NA,NA,NA,NA,NA,NA,"GW Bush",2,2004,2,52,"43"
"Texas",2006,1,43,"TX2006","0",NA,0.3849,4.9,NA,NA,NA,NA,NA,NA,"GW Bush",2,2004,2,38,"59"
"Texas",2007,1,43,"TX2007","0",NA,0.3849,4.4,NA,NA,NA,NA,NA,NA,"GW Bush",2,2004,2,41,"57"
"Texas",2008,1,43,"TX2008","1",0.440640632490593,0.3849,4.9,NA,NA,NA,NA,NA,NA,"GW Bush",2,2004,2,37,"63"
"Utah",1994,0,44,"UT1994","0",NA,0.362,3.9,48.1,31.4,20.4,22.3,36.1,41.6,"Clinton",1,1992,1,36,"44"
"Utah",1996,0,44,"UT1996","1",0.38,0.362,3.5,46.3,29.6,24,13.3,50.5,36.2,"Clinton",1,1992,1,32,"68"
"Utah",1998,0,44,"UT1998","0",NA,0.38,3.7,45.4,35.5,19.1,18.6,39.2,42.1,"Clinton",1,1996,2,50,"43"
"Utah",2000,0,44,"UT2000","1",0.282744945686759,0.38,3.4,34.2,40.4,25.4,22,39.7,38.3,"Clinton",1,1996,2,40,"58"
"Utah",2003,0,44,"UT2003","0",NA,0.2827,5.7,58.4,19.9,21.6,14.1,36.3,49.6,"GW Bush",2,2000,1,76,"22"
"Utah",2004,0,44,"UT2004","1",0.26653560839878,0.2827,5.1,NA,NA,NA,NA,NA,NA,"GW Bush",2,2000,1,70,"29"
"Utah",2005,0,44,"UT2005","0",NA,0.2665,4.1,NA,NA,NA,NA,NA,NA,"GW Bush",2,2004,2,57,"38"
"Utah",2006,0,44,"UT2006","0",NA,0.2665,3,NA,NA,NA,NA,NA,NA,"GW Bush",2,2004,2,59,"38"
"Utah",2007,0,44,"UT2007","0",NA,0.2665,2.7,NA,NA,NA,NA,NA,NA,"GW Bush",2,2004,2,61,"37"
"Utah",2008,0,44,"UT2008","1",0.354736386272599,0.2665,3.4,NA,NA,NA,NA,NA,NA,"GW Bush",2,2004,2,49,"48"
"Vermont",1986,0,45,"VT1986","0",NA,0.4133,4.4,30.4,51.3,18.3,4.7,78.7,16.5,"Reagan",2,1984,2,62,"37"
"Vermont",1994,0,45,"VT1994","0",NA,0.6025,4.6,21.5,53.1,25.4,17.8,54.8,27.5,"Clinton",1,1992,1,45,"55"
"Vermont",1996,0,45,"VT1996","1",0.63180956892468,0.6025,4.4,16.8,44.8,38.4,21.9,56.7,21.3,"Clinton",1,1992,1,48,"52"
"Vermont",1997,0,45,"VT1997","0",NA,0.6318,4,21.9,52,26.1,39.7,38.2,22.1,"Clinton",1,1996,2,47,"53"
"Vermont",1998,0,45,"VT1998","0",NA,0.6318,3.1,22.8,49.6,27.6,28.9,44.9,26.2,"Clinton",1,1996,2,58,"42"
"Vermont",2000,0,45,"VT2000","1",0.554363297930581,0.6318,2.7,31.4,46.4,22.1,22.8,51.8,25.4,"Clinton",1,1996,2,64,"32"
"Vermont",2001,0,45,"VT2001","0",NA,0.5544,3.3,26.5,45.8,27.7,29.7,44.6,25.7,"GW Bush",2,2000,1,46,"52"
"Vermont",2002,0,45,"VT2002","0",NA,0.5544,4,30.5,49.7,19.8,30.1,59,10.9,"GW Bush",2,2000,1,45,"51"
"Vermont",2003,0,45,"VT2003","0",NA,0.5544,4.5,25.1,47,27.9,39,33.7,27.2,"GW Bush",2,2000,1,42,"58"
"Vermont",2004,0,45,"VT2004","1",0.603028442807448,0.5544,3.7,NA,NA,NA,NA,NA,NA,"GW Bush",2,2000,1,38,"62"
"Vermont",2005,0,45,"VT2005","0",NA,0.603,3.5,NA,NA,NA,NA,NA,NA,"GW Bush",2,2004,2,29,"69"
"Vermont",2006,0,45,"VT2006","0",NA,0.603,3.7,NA,NA,NA,NA,NA,NA,"GW Bush",2,2004,2,27,"71"
"Virginia",1985,1,46,"VA1985","0",NA,0.373,5.4,30.2,32.7,37.1,23.6,41.6,34.8,"Reagan",2,1984,2,61,"40"
"Virginia",1986,1,46,"VA1986","0",NA,0.373,4.9,29.3,34.3,36.4,19.8,45.6,34.5,"Reagan",2,1984,2,53,"47"
"Virginia",1987,1,46,"VA1987","0",NA,0.373,4.2,32,33.6,34.4,19.7,46.2,34.1,"Reagan",2,1984,2,54,"46"
"Virginia",1988,1,46,"VA1988","1",0.396,0.373,4,36.9,30.2,32.9,16.1,45.7,38.1,"Reagan",2,1984,2,48,"43"
"Virginia",1989,1,46,"VA1989","0",NA,0.396,3.9,30.4,35.2,34.4,21.9,42.2,35.9,"Bush",2,1988,1,69,"31"
"Virginia",1991,1,46,"VA1991","0",NA,0.396,5.9,36.9,33.9,29.2,15.4,44.3,40.3,"Bush",2,1988,1,77,"22"
"Virginia",1992,1,46,"VA1992","1",0.474,0.396,6.2,33.6,38.1,28.3,19,44.7,36.3,"Bush",2,1988,1,38,"38"
"Virginia",1993,1,46,"VA1993","0",NA,0.474,5.2,28.6,38.4,33,15.5,47.1,37.4,"Clinton",1,1992,1,28,"70"
"Virginia",1994,1,46,"VA1994","0",NA,0.474,4.7,29.2,37.8,33,21.5,44.6,33.9,"Clinton",1,1992,1,36,"64"
"Virginia",1995,1,46,"VA1995","0",NA,0.474,4.5,34.4,34.7,30.9,18.9,43,38,"Clinton",1,1992,1,39,"61"
"Virginia",1996,1,46,"VA1996","1",0.489,0.474,4.3,32.6,33,34.4,15.6,48,36.4,"Clinton",1,1992,1,44,"56"
"Virginia",1997,1,46,"VA1997","0",NA,0.489,3.7,34.1,29.4,36.5,19.4,47.6,33.1,"Clinton",1,1996,2,44,"56"
"Virginia",1998,1,46,"VA1998","0",NA,0.489,2.8,29.8,34.4,35.8,21.7,43.6,34.8,"Clinton",1,1996,2,66,"26"
"Virginia",1999,1,46,"VA1999","0",NA,0.489,2.7,29.5,36.1,34.4,19.4,47.1,33.5,"Clinton",1,1996,2,65,"32"
"Virginia",2000,1,46,"VA2000","1",0.458527636941667,0.489,2.3,36.6,28.4,34.9,19.8,44.2,35.9,"Clinton",1,1996,2,55,"43"
"Virginia",2002,1,46,"VA2002","0",NA,0.4585,4.2,35.9,29.3,34.7,21.1,44.8,34.1,"GW Bush",2,2000,1,68,"29"
"Virginia",2003,1,46,"VA2003","0",NA,0.4585,4.1,35.5,32.4,32,19.7,41.8,38.4,"GW Bush",2,2000,1,56,"44"
"Virginia",2005,1,46,"VA2005","0",NA,0.4587,3.5,NA,NA,NA,NA,NA,NA,"GW Bush",2,2004,2,44,"50"
"Virginia",2006,1,46,"VA2006","0",NA,0.4587,3,NA,NA,NA,NA,NA,NA,"GW Bush",2,2004,2,40,"58"
"Virginia",2007,1,46,"VA2007","0",NA,0.4587,3,NA,NA,NA,NA,NA,NA,"GW Bush",2,2004,2,37,"61"
"Virginia",2008,1,46,"VA2008","1",0.531825844061276,0.4587,4,NA,NA,NA,NA,NA,NA,"GW Bush",2,2004,2,41,"58"
"Washington",1987,0,47,"WA1987","0",NA,0.434,7.2,30.4,36.8,32.8,26.9,47,26.1,"Reagan",2,1984,2,45,"54"
"Washington",1991,0,47,"WA1991","0",NA,0.508,6.3,29,43,28,25.5,50.3,24.2,"Bush",2,1988,1,65,"32"
"Washington",1993,0,47,"WA1993","0",NA,0.576,7.1,20.2,42.2,37.6,23.5,45.5,31,"Clinton",1,1992,1,32,"63"
"Washington",1994,0,47,"WA1994","0",NA,0.576,6.5,22.9,42.6,34.6,30.9,40.9,28.2,"Clinton",1,1992,1,44,"47"
"Washington",1995,0,47,"WA1995","0",NA,0.576,6.3,28.8,42.4,28.7,18.8,46.5,34.8,"Clinton",1,1992,1,37,"61"
"Washington",1996,0,47,"WA1996","1",0.572,0.576,5.9,30,39.2,30.8,20,45.9,34.1,"Clinton",1,1992,1,47,"53"
"Washington",1997,0,47,"WA1997","0",NA,0.572,4.9,27.4,37.1,35.6,23.9,43.8,32.4,"Clinton",1,1996,2,53,"46"
"Washington",1998,0,47,"WA1998","0",NA,0.572,4.8,28.4,39.6,32,21.4,45.3,33.3,"Clinton",1,1996,2,65,"35"
"Washington",2000,0,47,"WA2000","1",0.529447710094054,0.572,5,29.4,40.9,29.7,20.7,47,32.3,"Clinton",1,1996,2,58,"38"
"Washington",2002,0,47,"WA2002","0",NA,0.5294,7.3,30.8,35.3,33.9,20.7,48.3,31,"GW Bush",2,2000,1,53,"47"
"Washington",2003,0,47,"WA2003","0",NA,0.5294,7.4,24.7,47.1,28.2,20.2,48.9,30.9,"GW Bush",2,2000,1,55,"43"
"Washington",2004,0,47,"WA2004","1",0.53646537683453,0.5294,6.2,NA,NA,NA,NA,NA,NA,"GW Bush",2,2000,1,47,"43"
"Washington",2005,0,47,"WA2005","0",NA,0.5365,5.5,NA,NA,NA,NA,NA,NA,"GW Bush",2,2004,2,29,"62"
"Washington",2006,0,47,"WA2006","0",NA,0.5365,4.9,NA,NA,NA,NA,NA,NA,"GW Bush",2,2004,2,34,"64"
"Washington",2007,0,47,"WA2007","0",NA,0.5365,4.5,NA,NA,NA,NA,NA,NA,"GW Bush",2,2004,2,32,"66"
"Washington",2008,0,47,"WA2008","1",0.58752026802109,0.5365,5.3,NA,NA,NA,NA,NA,NA,"GW Bush",2,2004,2,13,"75"
"WestVirginia",1986,0,48,"WV1986","0",NA,0.447,12,26.6,17.5,55.9,22,44,34,"Reagan",2,1984,2,63,"28"
"WestVirginia",1987,0,48,"WV1987","0",NA,0.447,10.8,27.6,22.6,49.8,17.4,48.4,34.2,"Reagan",2,1984,2,36,"57"
"WestVirginia",1994,0,48,"WV1994","0",NA,0.578,8.7,20.9,27.4,51.7,18,47.6,34.4,"Clinton",1,1992,1,41,"59"
"WestVirginia",1996,0,48,"WV1996","1",0.584,0.578,7.4,26.4,27.5,46.1,16.8,47.2,36.1,"Clinton",1,1992,1,48,"52"
"WestVirginia",2000,0,48,"WV2000","1",0.467579259840626,0.584,5.5,22.7,20.7,56.6,25.2,46.7,28.1,"Clinton",1,1996,2,55,"41"
"WestVirginia",2002,0,48,"WV2002","0",NA,0.4676,5.9,28.5,22.1,49.5,18.4,44.3,37.3,"GW Bush",2,2000,1,82,"16"
"WestVirginia",2003,0,48,"WV2003","0",NA,0.4676,6,29.9,27.3,42.8,17.9,44.8,37.2,"GW Bush",2,2000,1,58,"39"
"WestVirginia",2004,0,48,"WV2004","1",0.435202893702545,0.4676,5.3,NA,NA,NA,NA,NA,NA,"GW Bush",2,2000,1,52,"41"
"WestVirginia",2005,0,48,"WV2005","0",NA,0.4352,4.9,NA,NA,NA,NA,NA,NA,"GW Bush",2,2004,2,50,"48"
"WestVirginia",2006,0,48,"WV2006","0",NA,0.4352,4.6,NA,NA,NA,NA,NA,NA,"GW Bush",2,2004,2,42,"55"
"WestVirginia",2007,0,48,"WV2007","0",NA,0.4352,4.3,NA,NA,NA,NA,NA,NA,"GW Bush",2,2004,2,25,"75"
"Wisconsin",1993,0,49,"WI1993","0",NA,0.528,4.5,31.9,42.9,25.2,16.8,45.2,38,"Clinton",1,1992,1,45,"51"
"Wisconsin",1994,0,49,"WI1994","0",NA,0.528,4.3,30.8,39.3,29.9,17.5,47.5,35,"Clinton",1,1992,1,42,"56"
"Wisconsin",1995,0,49,"WI1995","0",NA,0.528,3.7,34.9,35.6,29.5,18.4,46.5,35,"Clinton",1,1992,1,32,"56"
"Wisconsin",1996,0,49,"WI1996","1",0.559,0.528,3.6,28,37.2,34.9,15.9,49.8,34.2,"Clinton",1,1992,1,47,"53"
"Wisconsin",1997,0,49,"WI1997","0",NA,0.559,3.5,31,36.9,32.1,15.7,48.1,36.3,"Clinton",1,1996,2,51,""
"Wisconsin",1998,0,49,"WI1998","0",NA,0.559,3.3,27.9,35.7,36.4,20.6,48.2,31.2,"Clinton",1,1996,2,61,"36"
"Wisconsin",1999,0,49,"WI1999","0",NA,0.559,3.1,30,32,37.9,18.8,47,34.2,"Clinton",1,1996,2,67,"33"
"Wisconsin",2000,0,49,"WI2000","1",0.501150683031578,0.559,3.4,28,36.9,35.1,20.9,44.3,34.7,"Clinton",1,1996,2,56,"42"
"Wisconsin",2002,0,49,"WI2002","0",NA,0.5012,5.3,29.8,36.4,33.8,19.7,45.4,34.9,"GW Bush",2,2000,1,69,"30"
"Wisconsin",2003,0,49,"WI2003","0",NA,0.5012,5.6,35.5,33.9,30.6,20.9,39.7,39.4,"GW Bush",2,2000,1,54,"45"
"Wisconsin",2004,0,49,"WI2004","1",0.501918032742692,0.5012,5,NA,NA,NA,NA,NA,NA,"GW Bush",2,2000,1,45,"46"
"Wisconsin",2005,0,49,"WI2005","0",NA,0.5019,4.8,NA,NA,NA,NA,NA,NA,"GW Bush",2,2004,2,36,"62"
"Wisconsin",2006,0,49,"WI2006","0",NA,0.5019,4.7,NA,NA,NA,NA,NA,NA,"GW Bush",2,2004,2,39,"58"
"Wisconsin",2007,0,49,"WI2007","0",NA,0.5019,4.7,NA,NA,NA,NA,NA,NA,"GW Bush",2,2004,2,33,"66"
"Wisconsin",2008,0,49,"WI2008","1",0.570556782478184,0.5019,4.7,NA,NA,NA,NA,NA,NA,"GW Bush",2,2004,2,36,"61"
"Wyoming",1978,0,50,"WY1978","0",NA,0.401674907,3,9.2,40.9,49.9,10.4,33.1,56.5,"Carter",1,1976,1,41,"48"
"Wyoming",1980,0,50,"WY1980","1",0.309,0.401674907,4,28.7,28.1,43.2,27.6,44.4,28,"Carter",1,1976,1,25,"66"
"Wyoming",1982,0,50,"WY1982","0",NA,0.309,6.1,43,23.5,33.5,0,43.4,56.6,"Reagan",2,1980,1,52,"45"
"Wyoming",1984,0,50,"WY1984","1",0.286,0.309,6.3,51.3,26.1,22.6,11,45.9,43,"Reagan",2,1980,1,66,"34"
"Wyoming",1986,0,50,"WY1986","0",NA,0.286,8.9,23.1,46.9,30,28.6,52.9,18.5,"Reagan",2,1984,2,62,"37"
"Wyoming",1988,0,50,"WY1988","1",0.386,0.286,6.6,50.5,26.5,23,0,29.6,70.4,"Reagan",2,1984,2,52,"47"
"Wyoming",1990,0,50,"WY1990","0",NA,0.386,5.3,26.3,24.1,49.7,22.3,63.2,14.5,"Bush",2,1988,1,49,"50"
"Wyoming",1992,0,50,"WY1992","1",0.462,0.386,5.7,60.8,26.3,12.9,16.4,50.4,33.3,"Bush",2,1988,1,29,"70"
"Wyoming",1994,0,50,"WY1994","0",NA,0.462,5,28.7,33.3,38,7.3,36.4,56.3,"Clinton",1,1992,1,29,"58"
"Wyoming",1996,0,50,"WY1996","1",0.425,0.462,5.2,33.6,39.9,26.5,17.2,46.7,36.1,"Clinton",1,1992,1,35,"65"
"Wyoming",1998,0,50,"WY1998","0",NA,0.425,4.9,55,21.2,23.8,21.7,41.4,36.9,"Clinton",1,1996,2,40,"59"
"Wyoming",2000,0,50,"WY2000","1",0.29017694359683,0.425,3.8,36.1,34,30,23.5,45.5,31,"Clinton",1,1996,2,39,"59"
"Wyoming",2005,0,50,"WY2005","0",NA,0.2969,3.7,NA,NA,NA,NA,NA,NA,"GW Bush",2,2004,2,55,"44"
"Wyoming",2006,0,50,"WY2006","0",NA,0.2969,3.3,NA,NA,NA,NA,NA,NA,"GW Bush",2,2004,2,52,"45"
"Wyoming",2007,0,50,"WY2007","0",NA,0.2969,2.9,NA,NA,NA,NA,NA,NA,"GW Bush",2,2004,2,51,"49"
"Wyoming",2008,0,50,"WY2008","1",0.334379766449041,0.2969,3.1,NA,NA,NA,NA,NA,NA,"GW Bush",2,2004,2,47,"53"
